id_odd,time_casa,time_fora,dia_jogo,hora_jogo,mult_vitoria_time_1,mult_vitoria_time_2,num_apostas,data_jogo
1,Fortaleza,Sport,sáb.,16:00,1.33,3.1,373,2025-09-27 16:00:00
2,Juventude,Internacional,sáb.,18:30,2.6,1.44,336,2025-09-27 18:30:00
3,Vasco,Cruzeiro,sáb.,18:30,2.12,1.64,395,2025-09-27 18:30:00
4,Atlético-MG,Mirassol,sáb.,21:00,1.58,2.23,468,2025-09-27 21:00:00
5,Grêmio,Vitória,dom.,11:00,1.29,3.3,409,2025-09-28 11:00:00
6,Bahia,Palmeiras,dom.,16:00,2.43,1.5,411,2025-09-28 16:00:00
7,Fluminense,Botafogo,dom.,16:00,1.67,2.1,425,2025-09-28 16:00:00
8,Bragantino,Santos,dom.,18:30,1.58,2.23,435,2025-09-28 18:30:00
9,Corinthians,Flamengo,dom.,20:30,3.05,1.33,404,2025-09-28 20:30:00
10,São Paulo,Ceará,seg.,20:00,1.19,4.2,421,2025-09-29 20:00:00
11,Atlético-MG,Juventude,ter.,21:30,1.13,5.2,327,2025-09-30 21:30:00
12,Mirassol,Bragantino,qua.,19:00,1.49,2.48,284,2025-10-01 19:00:00
13,Palmeiras,Vasco,qua.,19:00,1.09,6.25,316,2025-10-01 19:00:00
14,Sport,Fluminense,qua.,19:00,1.98,1.75,283,2025-10-01 19:00:00
15,Internacional,Corinthians,qua.,19:30,1.5,2.43,266,2025-10-01 19:30:00
16,Botafogo,Bahia,qua.,21:30,1.41,2.75,279,2025-10-01 21:30:00
17,Santos,Grêmio,qua.,21:30,1.46,2.55,270,2025-10-01 21:30:00
18,Vitória,Ceará,qui.,19:00,1.62,2.18,284,2025-10-02 19:00:00
19,Fortaleza,São Paulo,qui.,19:30,1.88,1.84,291,2025-10-02 19:30:00
20,Flamengo,Cruzeiro,qui.,20:30,1.26,3.55,305,2025-10-02 20:30:00
21,Vitória,Ceará,qui.,19:00,1.33,4.6,416,2025-10-02 19:00:00
22,Fortaleza,São Paulo,qui.,19:30,1.13,7.0,405,2025-10-02 19:30:00
23,Flamengo,Cruzeiro,qui.,20:30,1.13,6.75,435,2025-10-02 20:30:00
24,Bragantino,Grêmio,sáb.,18:30,4.0,3.75,275,2025-10-04 18:30:00
25,Fluminense,Atlético-MG,sáb.,18:30,1.22,5.4,324,2025-10-04 18:30:00
26,Internacional,Botafogo,sáb.,18:30,5.3,4.0,289,2025-10-04 18:30:00
27,Corinthians,Mirassol,sáb.,21:00,4.0,3.65,268,2025-10-04 21:00:00
28,São Paulo,Palmeiras,dom.,16:00,1.53,3.9,304,2025-10-05 16:00:00
29,Vasco,Vitória,dom.,16:00,1.16,6.4,290,2025-10-05 16:00:00
30,Bahia,Flamengo,dom.,18:30,2.1,3.45,305,2025-10-05 18:30:00
31,Juventude,Fortaleza,dom.,18:30,4.7,3.8,272,2025-10-05 18:30:00
32,Ceará,Santos,dom.,20:30,4.5,3.65,271,2025-10-05 20:30:00
33,Cruzeiro,Sport,dom.,20:30,13.0,9.5,294,2025-10-05 20:30:00
34,Atlético-MG,Fortaleza,qua.,20:30,1.23,3.65,379,2025-11-12 20:30:00
35,Sport,Flamengo,sáb.,18:30,7.5,1.05,273,2025-11-15 18:30:00
36,Santos,Palmeiras,sáb.,21:00,2.55,1.44,292,2025-11-15 21:00:00
37,Bragantino,Atlético-MG,dom.,19:00,1.57,2.23,275,2025-11-16 19:00:00
38,Botafogo,Sport,18 de nov.,20:30,1.1,5.6,285,2025-11-18 20:30:00
39,Palmeiras,Vitória,19 de nov.,19:30,1.06,7.0,295,2025-11-19 19:30:00
40,Fluminense,Flamengo,19 de nov.,21:30,2.5,1.45,251,2025-11-19 21:30:00
41,Grêmio,Vasco,19 de nov.,21:30,1.58,2.2,250,2025-11-19 21:30:00
42,Santos,Mirassol,19 de nov.,21:30,1.56,2.25,292,2025-11-19 21:30:00
43,Juventude,Cruzeiro,20 de nov.,16:00,2.85,1.36,250,2025-11-20 16:00:00
44,Bahia,Fortaleza,20 de nov.,18:00,1.24,3.5,289,2025-11-20 18:00:00
45,Corinthians,São Paulo,20 de nov.,19:30,1.45,2.5,242,2025-11-20 19:30:00
46,Ceará,Internacional,20 de nov.,21:30,1.55,2.28,239,2025-11-20 21:30:00
47,Atlético-MG,Sport,qua.,19:00,5.8,4.7,350,2025-10-08 19:00:00
48,Mirassol,Fluminense,qua.,21:00,10.5,6.4,318,2025-10-08 21:00:00
49,Palmeiras,Juventude,sáb.,19:00,8.5,7.5,349,2025-10-11 19:00:00
50,Palmeiras,Bragantino,15 de out.,19:00,4.1,4.1,353,2025-10-15 19:00:00
51,Botafogo,Flamengo,15 de out.,19:30,8.0,4.9,326,2025-10-15 19:30:00
52,Mirassol,Internacional,15 de out.,20:00,1.07,10.0,303,2025-10-15 20:00:00
53,Sport,Ceará,15 de out.,20:00,4.75,3.75,324,2025-10-15 20:00:00
54,Atlético-MG,Cruzeiro,15 de out.,21:30,5.8,4.1,337,2025-10-15 21:30:00
55,Fortaleza,Vasco,15 de out.,21:30,4.7,3.8,306,2025-10-15 21:30:00
56,Santos,Corinthians,15 de out.,21:30,4.5,3.6,291,2025-10-15 21:30:00
57,Grêmio,São Paulo,16 de out.,19:00,4.7,3.9,298,2025-10-16 19:00:00
58,Fluminense,Juventude,16 de out.,21:30,4.5,4.1,363,2025-10-16 21:30:00
59,Vitória,Bahia,16 de out.,21:30,1.52,4.0,336,2025-10-16 21:30:00
60,Bragantino,Grêmio,sáb.,18:30,3.85,3.8,345,2025-10-04 18:30:00
61,Fluminense,Atlético-MG,sáb.,18:30,1.22,5.5,421,2025-10-04 18:30:00
62,Internacional,Botafogo,sáb.,18:30,4.9,3.95,360,2025-10-04 18:30:00
63,Corinthians,Mirassol,sáb.,21:00,3.8,3.55,267,2025-10-04 21:00:00
64,São Paulo,Palmeiras,dom.,16:00,1.57,3.8,303,2025-10-05 16:00:00
65,Vasco,Vitória,dom.,16:00,1.16,6.5,293,2025-10-05 16:00:00
66,Bahia,Flamengo,dom.,18:30,2.12,3.45,295,2025-10-05 18:30:00
67,Juventude,Fortaleza,dom.,18:30,5.3,3.95,272,2025-10-05 18:30:00
68,Ceará,Santos,dom.,20:30,4.6,3.65,269,2025-10-05 20:30:00
69,Cruzeiro,Sport,dom.,20:30,15.0,10.5,278,2025-10-05 20:30:00
70,Bragantino,Corinthians,qua.,19:00,1.72,2.02,434,2025-11-05 19:00:00
71,Sport,Juventude,qua.,19:00,1.3,3.25,416,2025-11-05 19:00:00
72,Vitória,Internacional,qua.,19:00,1.68,2.08,376,2025-11-05 19:00:00
73,Botafogo,Vasco,qua.,19:30,1.37,2.9,392,2025-11-05 19:30:00
74,Atlético-MG,Bahia,qua.,20:00,1.54,2.35,450,2025-11-05 20:00:00
75,Grêmio,Cruzeiro,qua.,20:00,2.17,1.63,389,2025-11-05 20:00:00
76,São Paulo,Flamengo,qua.,21:30,2.75,1.4,359,2025-11-05 21:30:00
77,Fluminense,Mirassol,qui.,19:30,1.34,3.05,338,2025-11-06 19:30:00
78,Ceará,Fortaleza,qui.,20:00,1.61,2.2,306,2025-11-06 20:00:00
79,Palmeiras,Santos,qui.,21:30,1.11,5.6,351,2025-11-06 21:30:00
80,Sport,Atlético-MG,sáb.,16:00,1.93,1.79,364,2025-11-08 16:00:00
81,Vasco,Juventude,sáb.,18:00,1.11,5.5,357,2025-11-08 18:00:00
82,Internacional,Bahia,sáb.,18:30,1.55,2.32,326,2025-11-08 18:30:00
83,São Paulo,Bragantino,sáb.,21:00,1.26,3.55,339,2025-11-08 21:00:00
84,Corinthians,Ceará,dom.,16:00,1.22,3.85,342,2025-11-09 16:00:00
85,Cruzeiro,Fluminense,dom.,16:00,1.35,2.95,324,2025-11-09 16:00:00
86,Vitória,Botafogo,dom.,16:00,2.14,1.65,314,2025-11-09 16:00:00
87,Flamengo,Santos,dom.,18:30,1.09,6.4,329,2025-11-09 18:30:00
88,Fortaleza,Grêmio,dom.,20:30,1.48,2.5,341,2025-11-09 20:30:00
89,Mirassol,Palmeiras,dom.,20:30,2.43,1.5,343,2025-11-09 20:30:00
90,Atlético-MG,Ceará,sáb.,16:00,1.3,3.2,481,2025-10-25 16:00:00
91,Vitória,Corinthians,sáb.,16:00,1.76,1.97,453,2025-10-25 16:00:00
92,Fluminense,Internacional,sáb.,17:30,1.3,3.2,450,2025-10-25 17:30:00
93,Sport,Mirassol,sáb.,18:30,1.97,1.76,444,2025-10-25 18:30:00
94,Fortaleza,Flamengo,sáb.,19:30,3.7,1.24,403,2025-10-25 19:30:00
95,São Paulo,Bahia,sáb.,21:30,1.38,2.85,441,2025-10-25 21:30:00
96,Botafogo,Santos,dom.,16:00,1.3,3.25,438,2025-10-26 16:00:00
97,Grêmio,Juventude,dom.,16:00,1.25,3.65,459,2025-10-26 16:00:00
98,Bragantino,Vasco,dom.,18:30,1.55,2.3,454,2025-10-26 18:30:00
99,Palmeiras,Cruzeiro,dom.,20:30,1.33,3.1,473,2025-10-26 20:30:00
100,Fluminense,Ceará,qua.,19:00,1.24,3.7,342,2025-10-29 19:00:00
101,Cruzeiro,Vitória,1 de nov.,16:00,1.13,5.2,319,2025-11-01 16:00:00
102,Santos,Fortaleza,1 de nov.,16:00,1.33,3.1,308,2025-11-01 16:00:00
103,Mirassol,Botafogo,1 de nov.,18:00,1.57,2.28,305,2025-11-01 18:00:00
104,Flamengo,Sport,1 de nov.,21:00,1.03,11.5,325,2025-11-01 21:00:00
105,Bahia,Bragantino,2 de nov.,16:00,1.28,3.35,326,2025-11-02 16:00:00
106,Ceará,Fluminense,2 de nov.,16:00,1.82,1.9,347,2025-11-02 16:00:00
107,Corinthians,Grêmio,2 de nov.,16:00,1.33,3.1,330,2025-11-02 16:00:00
108,Internacional,Atlético-MG,2 de nov.,18:30,1.37,2.9,322,2025-11-02 18:30:00
109,Juventude,Palmeiras,2 de nov.,18:30,5.4,1.12,360,2025-11-02 18:30:00
110,Vasco,São Paulo,2 de nov.,20:30,1.53,2.38,322,2025-11-02 20:30:00
111,Atlético-MG,Ceará,sáb.,16:00,1.36,2.9,428,2025-10-25 16:00:00
112,Vitória,Corinthians,sáb.,16:00,1.95,1.79,413,2025-10-25 16:00:00
113,Fluminense,Internacional,sáb.,17:30,1.4,2.75,427,2025-10-25 17:30:00
114,Sport,Mirassol,sáb.,18:30,1.95,1.78,394,2025-10-25 18:30:00
115,Fortaleza,Flamengo,sáb.,19:30,3.6,1.25,372,2025-10-25 19:30:00
116,São Paulo,Bahia,sáb.,21:30,1.37,2.8,414,2025-10-25 21:30:00
117,Botafogo,Santos,dom.,16:00,1.3,3.2,309,2025-10-26 16:00:00
118,Grêmio,Juventude,dom.,16:00,1.22,3.9,346,2025-10-26 16:00:00
119,Bragantino,Vasco,dom.,18:30,1.67,2.1,330,2025-10-26 18:30:00
120,Palmeiras,Cruzeiro,dom.,20:30,1.34,3.0,345,2025-10-26 20:30:00
121,Fluminense,Ceará,qua.,19:00,1.19,4.1,343,2025-10-29 19:00:00
122,Cruzeiro,Vitória,1 de nov.,16:00,1.14,4.9,319,2025-11-01 16:00:00
123,Santos,Fortaleza,1 de nov.,16:00,1.33,3.1,308,2025-11-01 16:00:00
124,Mirassol,Botafogo,1 de nov.,18:00,1.58,2.25,307,2025-11-01 18:00:00
125,Flamengo,Sport,1 de nov.,21:00,1.04,10.0,336,2025-11-01 21:00:00
126,Bahia,Bragantino,2 de nov.,16:00,1.28,3.35,332,2025-11-02 16:00:00
127,Ceará,Fluminense,2 de nov.,16:00,1.83,1.89,346,2025-11-02 16:00:00
128,Corinthians,Grêmio,2 de nov.,16:00,1.32,3.15,333,2025-11-02 16:00:00
129,Internacional,Atlético-MG,2 de nov.,18:30,1.37,2.9,320,2025-11-02 18:30:00
130,Juventude,Palmeiras,2 de nov.,18:30,5.4,1.12,360,2025-11-02 18:30:00
131,Vasco,São Paulo,2 de nov.,20:30,1.53,2.38,322,2025-11-02 20:30:00
132,Fortaleza,Vitória,sáb.,16:00,1.36,2.95,353,2025-09-13 16:00:00
133,Grêmio,Mirassol,sáb.,16:00,1.58,2.25,321,2025-09-13 16:00:00
134,Palmeiras,Internacional,sáb.,18:30,1.21,4.0,316,2025-09-13 18:30:00
135,Fluminense,Corinthians,sáb.,21:00,1.41,2.7,291,2025-09-13 21:00:00
136,Bragantino,Sport,dom.,11:00,1.38,2.85,255,2025-09-14 11:00:00
137,Atlético-MG,Santos,dom.,16:00,1.36,2.95,311,2025-09-14 16:00:00
138,Juventude,Flamengo,dom.,16:00,5.3,1.13,283,2025-09-14 16:00:00
139,São Paulo,Botafogo,dom.,17:30,1.5,2.43,248,2025-09-14 17:30:00
140,Vasco,Ceará,dom.,20:30,1.33,3.05,290,2025-09-14 20:30:00
141,Bahia,Cruzeiro,seg.,20:00,1.58,2.23,282,2025-09-15 20:00:00
142,Botafogo,Mirassol,qua.,19:30,1.23,3.8,287,2025-09-17 19:30:00
143,Vitória,Fluminense,20 de set.,16:00,1.74,2.0,298,2025-09-20 16:00:00
144,Botafogo,Atlético-MG,20 de set.,18:30,1.2,4.1,315,2025-09-20 18:30:00
145,Ceará,Bahia,20 de set.,18:30,1.89,1.83,261,2025-09-20 18:30:00
146,Palmeiras,Fortaleza,20 de set.,21:00,1.1,5.8,275,2025-09-20 21:00:00
147,Mirassol,Juventude,21 de set.,16:00,1.21,4.0,269,2025-09-21 16:00:00
148,Flamengo,Vasco,21 de set.,17:30,1.18,4.4,277,2025-09-21 17:30:00
149,Internacional,Grêmio,21 de set.,17:30,1.38,2.85,263,2025-09-21 17:30:00
150,Sport,Corinthians,21 de set.,17:30,1.92,1.8,257,2025-09-21 17:30:00
151,Cruzeiro,Bragantino,21 de set.,20:30,1.19,4.2,298,2025-09-21 20:30:00
152,Santos,São Paulo,21 de set.,20:30,1.7,2.05,274,2025-09-21 20:30:00
153,Grêmio,Botafogo,qua.,19:30,2.07,1.68,250,2025-09-24 19:30:00
154,Vasco,Bahia,qua.,19:30,1.62,2.18,281,2025-09-24 19:30:00
155,Fortaleza,Sport,sáb.,16:00,1.28,3.35,258,2025-09-27 16:00:00
156,Juventude,Internacional,sáb.,18:30,2.55,1.47,243,2025-09-27 18:30:00
157,Vasco,Cruzeiro,sáb.,18:30,2.0,1.74,274,2025-09-27 18:30:00
158,Atlético-MG,Mirassol,sáb.,21:00,1.6,2.2,307,2025-09-27 21:00:00
159,Grêmio,Vitória,28 de set.,11:00,1.24,3.75,271,2025-09-28 11:00:00
160,Bahia,Palmeiras,28 de set.,16:00,1.88,1.84,277,2025-09-28 16:00:00
161,Fluminense,Botafogo,28 de set.,16:00,1.66,2.1,300,2025-09-28 16:00:00
162,Bragantino,Santos,28 de set.,18:30,1.54,2.33,291,2025-09-28 18:30:00
163,Corinthians,Flamengo,28 de set.,20:30,2.88,1.37,269,2025-09-28 20:30:00
164,São Paulo,Ceará,29 de set.,20:00,1.19,4.2,292,2025-09-29 20:00:00
165,Atlético-MG,Juventude,30 de set.,21:30,1.13,5.1,325,2025-09-30 21:30:00
166,Mirassol,Bragantino,1 de out.,19:00,1.49,2.48,282,2025-10-01 19:00:00
167,Palmeiras,Vasco,1 de out.,19:00,1.09,6.1,317,2025-10-01 19:00:00
168,Sport,Fluminense,1 de out.,19:00,1.98,1.76,283,2025-10-01 19:00:00
169,Internacional,Corinthians,1 de out.,19:30,1.5,2.43,266,2025-10-01 19:30:00
170,Botafogo,Bahia,1 de out.,21:30,1.4,2.75,148,2025-10-01 21:30:00
171,Santos,Grêmio,1 de out.,21:30,1.52,2.4,277,2025-10-01 21:30:00
172,Vitória,Ceará,2 de out.,19:00,1.62,2.18,284,2025-10-02 19:00:00
173,Fortaleza,São Paulo,2 de out.,19:30,1.88,1.85,291,2025-10-02 19:30:00
174,Flamengo,Cruzeiro,2 de out.,20:30,1.26,3.55,303,2025-10-02 20:30:00
175,Fortaleza,Sport,sáb.,16:00,1.29,3.35,321,2025-09-27 16:00:00
176,Juventude,Internacional,sáb.,18:30,2.6,1.45,292,2025-09-27 18:30:00
177,Vasco,Cruzeiro,sáb.,18:30,2.04,1.73,343,2025-09-27 18:30:00
178,Atlético-MG,Mirassol,sáb.,21:00,1.58,2.23,398,2025-09-27 21:00:00
179,Grêmio,Vitória,dom.,11:00,1.26,3.5,275,2025-09-28 11:00:00
180,Bahia,Palmeiras,dom.,16:00,2.43,1.5,279,2025-09-28 16:00:00
181,Fluminense,Botafogo,dom.,16:00,1.67,2.1,293,2025-09-28 16:00:00
182,Bragantino,Santos,dom.,18:30,1.6,2.23,293,2025-09-28 18:30:00
183,Corinthians,Flamengo,dom.,20:30,2.95,1.35,282,2025-09-28 20:30:00
184,São Paulo,Ceará,seg.,20:00,1.19,4.2,295,2025-09-29 20:00:00
185,Atlético-MG,Juventude,ter.,21:30,1.13,5.1,325,2025-09-30 21:30:00
186,Mirassol,Bragantino,qua.,19:00,1.49,2.48,284,2025-10-01 19:00:00
187,Palmeiras,Vasco,qua.,19:00,1.09,6.1,317,2025-10-01 19:00:00
188,Sport,Fluminense,qua.,19:00,1.98,1.75,283,2025-10-01 19:00:00
189,Internacional,Corinthians,qua.,19:30,1.5,2.43,266,2025-10-01 19:30:00
190,Botafogo,Bahia,qua.,21:30,1.41,2.75,279,2025-10-01 21:30:00
191,Santos,Grêmio,qua.,21:30,1.46,2.55,275,2025-10-01 21:30:00
192,Vitória,Ceará,2 de out.,19:00,1.62,2.18,284,2025-10-02 19:00:00
193,Fortaleza,São Paulo,2 de out.,19:30,1.88,1.85,291,2025-10-02 19:30:00
194,Flamengo,Cruzeiro,2 de out.,20:30,1.26,3.55,303,2025-10-02 20:30:00
195,Sport,Atlético-MG,sáb.,16:00,19.0,10.0,448,2025-11-08 16:00:00
196,Vasco,Juventude,sáb.,18:00,2.1,3.6,443,2025-11-08 18:00:00
197,Internacional,Bahia,sáb.,18:30,1.08,9.5,388,2025-11-08 18:30:00
198,São Paulo,Bragantino,sáb.,21:00,6.25,4.7,416,2025-11-08 21:00:00
199,Corinthians,Ceará,dom.,16:00,6.25,4.7,339,2025-11-09 16:00:00
200,Cruzeiro,Fluminense,dom.,16:00,1.21,5.75,322,2025-11-09 16:00:00
201,Vitória,Botafogo,dom.,16:00,1.57,3.95,308,2025-11-09 16:00:00
202,Flamengo,Santos,dom.,18:30,6.0,5.4,329,2025-11-09 18:30:00
203,Fortaleza,Grêmio,dom.,20:30,7.5,5.5,335,2025-11-09 20:30:00
204,Mirassol,Palmeiras,dom.,20:30,1.79,3.8,344,2025-11-09 20:30:00
205,Atlético-MG,Juventude,ter.,21:30,2.7,3.25,410,2025-09-30 21:30:00
206,Mirassol,Bragantino,qua.,19:00,3.35,3.55,376,2025-10-01 19:00:00
207,Palmeiras,Vasco,qua.,19:00,1.06,10.0,445,2025-10-01 19:00:00
208,Sport,Fluminense,qua.,19:00,16.0,8.5,389,2025-10-01 19:00:00
209,Internacional,Corinthians,qua.,19:30,1.28,5.0,370,2025-10-01 19:30:00
210,Botafogo,Bahia,qua.,21:30,1.21,5.75,368,2025-10-01 21:30:00
211,Santos,Grêmio,qua.,21:30,1.26,5.1,374,2025-10-01 21:30:00
212,Vitória,Ceará,qui.,19:00,1.33,4.5,281,2025-10-02 19:00:00
213,Fortaleza,São Paulo,qui.,19:30,1.13,7.5,282,2025-10-02 19:30:00
214,Flamengo,Cruzeiro,qui.,20:30,1.14,6.75,301,2025-10-02 20:30:00
215,Bragantino,Grêmio,sáb.,18:30,4.3,3.85,273,2025-10-04 18:30:00
216,Fluminense,Atlético-MG,sáb.,18:30,1.18,6.0,326,2025-10-04 18:30:00
217,Internacional,Botafogo,sáb.,18:30,5.4,4.1,284,2025-10-04 18:30:00
218,Corinthians,Mirassol,sáb.,21:00,4.1,3.6,263,2025-10-04 21:00:00
219,São Paulo,Palmeiras,dom.,16:00,1.5,3.9,304,2025-10-05 16:00:00
220,Vasco,Vitória,dom.,16:00,1.19,5.8,285,2025-10-05 16:00:00
221,Bahia,Flamengo,dom.,18:30,1.91,3.55,302,2025-10-05 18:30:00
222,Juventude,Fortaleza,dom.,18:30,5.5,4.1,277,2025-10-05 18:30:00
223,Ceará,Santos,dom.,20:30,4.6,3.6,266,2025-10-05 20:30:00
224,Cruzeiro,Sport,dom.,20:30,13.0,9.5,287,2025-10-05 20:30:00
225,Bahia,Internacional,qua.,19:00,1.33,3.05,437,2025-10-22 19:00:00
226,Atlético-MG,Ceará,sáb.,16:00,1.35,3.0,342,2025-10-25 16:00:00
227,Vitória,Corinthians,sáb.,16:00,1.94,1.79,331,2025-10-25 16:00:00
228,Fluminense,Internacional,sáb.,17:30,1.45,2.6,336,2025-10-25 17:30:00
229,Sport,Mirassol,sáb.,18:30,1.88,1.84,311,2025-10-25 18:30:00
230,Fortaleza,Flamengo,sáb.,19:30,3.6,1.25,296,2025-10-25 19:30:00
231,São Paulo,Bahia,sáb.,21:30,1.43,2.65,325,2025-10-25 21:30:00
232,Botafogo,Santos,dom.,16:00,1.3,3.2,307,2025-10-26 16:00:00
233,Grêmio,Juventude,dom.,16:00,1.21,4.0,339,2025-10-26 16:00:00
234,Bragantino,Vasco,dom.,18:30,1.66,2.1,328,2025-10-26 18:30:00
235,Palmeiras,Cruzeiro,dom.,20:30,1.23,3.8,342,2025-10-26 20:30:00
236,Fluminense,Ceará,29 de out.,19:00,1.22,3.85,343,2025-10-29 19:00:00
237,Cruzeiro,Vitória,1 de nov.,16:00,1.13,5.2,324,2025-11-01 16:00:00
238,Santos,Fortaleza,1 de nov.,16:00,1.33,3.1,308,2025-11-01 16:00:00
239,Mirassol,Botafogo,1 de nov.,18:00,1.58,2.25,307,2025-11-01 18:00:00
240,Flamengo,Sport,1 de nov.,21:00,1.04,10.0,336,2025-11-01 21:00:00
241,Bahia,Bragantino,2 de nov.,16:00,1.29,3.3,330,2025-11-02 16:00:00
242,Ceará,Fluminense,2 de nov.,16:00,1.83,1.89,346,2025-11-02 16:00:00
243,Corinthians,Grêmio,2 de nov.,16:00,1.32,3.15,333,2025-11-02 16:00:00
244,Internacional,Atlético-MG,2 de nov.,18:30,1.37,2.9,320,2025-11-02 18:30:00
245,Juventude,Palmeiras,2 de nov.,18:30,5.3,1.12,361,2025-11-02 18:30:00
246,Vasco,São Paulo,2 de nov.,20:30,1.53,2.38,322,2025-11-02 20:30:00
247,Palmeiras,Bragantino,qua.,19:00,1.09,6.25,420,2025-10-15 19:00:00
248,Botafogo,Flamengo,qua.,19:30,2.48,1.49,403,2025-10-15 19:30:00
249,Mirassol,Internacional,qua.,20:00,1.54,2.35,370,2025-10-15 20:00:00
250,Sport,Ceará,qua.,20:00,1.64,2.15,388,2025-10-15 20:00:00
251,Atlético-MG,Cruzeiro,qua.,21:30,1.95,1.78,413,2025-10-15 21:30:00
252,Fortaleza,Vasco,qua.,21:30,1.57,2.28,384,2025-10-15 21:30:00
253,Santos,Corinthians,qua.,21:30,1.53,2.38,370,2025-10-15 21:30:00
254,Grêmio,São Paulo,qui.,19:00,1.95,1.78,299,2025-10-16 19:00:00
255,Fluminense,Juventude,qui.,21:30,1.09,6.25,365,2025-10-16 21:30:00
256,Vitória,Bahia,qui.,21:30,2.0,1.73,312,2025-10-16 21:30:00
257,Corinthians,Atlético-MG,sáb.,18:30,1.43,2.65,327,2025-10-18 18:30:00
258,Internacional,Sport,sáb.,18:30,1.2,4.1,310,2025-10-18 18:30:00
259,Cruzeiro,Fortaleza,sáb.,21:00,1.2,4.1,310,2025-10-18 21:00:00
260,Ceará,Botafogo,dom.,16:00,1.84,1.88,319,2025-10-19 16:00:00
261,Flamengo,Palmeiras,dom.,16:00,1.37,2.88,328,2025-10-19 16:00:00
262,Mirassol,São Paulo,dom.,16:00,1.7,2.05,316,2025-10-19 16:00:00
263,Bahia,Grêmio,dom.,20:30,1.36,2.9,303,2025-10-19 20:30:00
264,Juventude,Bragantino,20 de out.,19:00,1.83,1.9,325,2025-10-20 19:00:00
265,Vasco,Fluminense,20 de out.,19:30,1.93,1.81,334,2025-10-20 19:30:00
266,Santos,Vitória,20 de out.,21:30,1.27,3.45,318,2025-10-20 21:30:00
267,Fortaleza,Sport,sáb.,16:00,1.29,3.35,263,2025-09-27 16:00:00
268,Juventude,Internacional,sáb.,18:30,2.55,1.46,244,2025-09-27 18:30:00
269,Vasco,Cruzeiro,sáb.,18:30,1.98,1.75,277,2025-09-27 18:30:00
270,Atlético-MG,Mirassol,sáb.,21:00,1.6,2.23,317,2025-09-27 21:00:00
271,Grêmio,Vitória,dom.,11:00,1.25,3.6,274,2025-09-28 11:00:00
272,Bahia,Palmeiras,dom.,16:00,2.0,1.74,274,2025-09-28 16:00:00
273,Fluminense,Botafogo,dom.,16:00,1.67,2.1,298,2025-09-28 16:00:00
274,Bragantino,Santos,dom.,18:30,1.54,2.33,293,2025-09-28 18:30:00
275,Corinthians,Flamengo,dom.,20:30,2.95,1.36,276,2025-09-28 20:30:00
276,São Paulo,Ceará,seg.,20:00,1.19,4.2,294,2025-09-29 20:00:00
277,Atlético-MG,Juventude,ter.,21:30,1.13,5.1,325,2025-09-30 21:30:00
278,Mirassol,Bragantino,1 de out.,19:00,1.49,2.48,284,2025-10-01 19:00:00
279,Palmeiras,Vasco,1 de out.,19:00,1.09,6.1,317,2025-10-01 19:00:00
280,Sport,Fluminense,1 de out.,19:00,1.98,1.75,283,2025-10-01 19:00:00
281,Internacional,Corinthians,1 de out.,19:30,1.5,2.43,266,2025-10-01 19:30:00
282,Botafogo,Bahia,1 de out.,21:30,1.41,2.75,279,2025-10-01 21:30:00
283,Santos,Grêmio,1 de out.,21:30,1.46,2.55,277,2025-10-01 21:30:00
284,Vitória,Ceará,2 de out.,19:00,1.62,2.18,284,2025-10-02 19:00:00
285,Fortaleza,São Paulo,2 de out.,19:30,1.88,1.85,291,2025-10-02 19:30:00
286,Flamengo,Cruzeiro,2 de out.,20:30,1.26,3.55,303,2025-10-02 20:30:00
287,Cruzeiro,Vitória,sáb.,16:00,1.13,5.2,305,2025-11-01 16:00:00
288,Santos,Fortaleza,sáb.,16:00,1.3,3.25,304,2025-11-01 16:00:00
289,Mirassol,Botafogo,sáb.,18:00,1.52,2.4,294,2025-11-01 18:00:00
290,Flamengo,Sport,sáb.,21:00,1.04,10.0,299,2025-11-01 21:00:00
291,Bahia,Bragantino,dom.,16:00,1.29,3.35,314,2025-11-02 16:00:00
292,Ceará,Fluminense,dom.,16:00,1.82,1.9,347,2025-11-02 16:00:00
293,Corinthians,Grêmio,dom.,16:00,1.29,3.3,317,2025-11-02 16:00:00
294,Internacional,Atlético-MG,dom.,18:30,1.41,2.7,308,2025-11-02 18:30:00
295,Juventude,Palmeiras,dom.,18:30,4.7,1.16,346,2025-11-02 18:30:00
296,Vasco,São Paulo,dom.,20:30,1.54,2.33,305,2025-11-02 20:30:00
297,Bragantino,Corinthians,5 de nov.,19:00,1.58,2.25,335,2025-11-05 19:00:00
298,Sport,Juventude,5 de nov.,19:00,1.34,3.05,336,2025-11-05 19:00:00
299,Vitória,Internacional,5 de nov.,19:00,1.75,1.98,319,2025-11-05 19:00:00
300,Botafogo,Vasco,5 de nov.,19:30,1.4,2.75,344,2025-11-05 19:30:00
301,Atlético-MG,Bahia,5 de nov.,20:00,1.55,2.33,349,2025-11-05 20:00:00
302,Grêmio,Cruzeiro,5 de nov.,20:00,2.18,1.62,321,2025-11-05 20:00:00
303,São Paulo,Flamengo,5 de nov.,21:30,2.75,1.4,301,2025-11-05 21:30:00
304,Fluminense,Mirassol,6 de nov.,19:30,1.38,2.85,351,2025-11-06 19:30:00
305,Ceará,Fortaleza,6 de nov.,20:00,1.6,2.23,316,2025-11-06 20:00:00
306,Palmeiras,Santos,6 de nov.,21:30,1.12,5.4,348,2025-11-06 21:30:00
307,Fortaleza,Vitória,sáb.,16:00,1.34,3.05,409,2025-09-13 16:00:00
308,Grêmio,Mirassol,sáb.,16:00,1.58,2.23,372,2025-09-13 16:00:00
309,Palmeiras,Internacional,sáb.,18:30,1.2,4.1,367,2025-09-13 18:30:00
310,Fluminense,Corinthians,sáb.,21:00,1.43,2.65,428,2025-09-13 21:00:00
311,Bragantino,Sport,dom.,11:00,1.35,3.0,372,2025-09-14 11:00:00
312,Atlético-MG,Santos,dom.,16:00,1.36,2.9,442,2025-09-14 16:00:00
313,Juventude,Flamengo,dom.,16:00,5.4,1.12,382,2025-09-14 16:00:00
314,São Paulo,Botafogo,dom.,17:30,1.5,2.43,352,2025-09-14 17:30:00
315,Vasco,Ceará,dom.,20:30,1.33,3.05,378,2025-09-14 20:30:00
316,Bahia,Cruzeiro,seg.,20:00,1.58,2.23,282,2025-09-15 20:00:00
317,Botafogo,Mirassol,qua.,19:30,1.23,3.8,287,2025-09-17 19:30:00
318,Vitória,Fluminense,20 de set.,16:00,1.74,2.0,298,2025-09-20 16:00:00
319,Botafogo,Atlético-MG,20 de set.,18:30,1.2,4.1,315,2025-09-20 18:30:00
320,Ceará,Bahia,20 de set.,18:30,1.89,1.83,261,2025-09-20 18:30:00
321,Palmeiras,Fortaleza,20 de set.,21:00,1.1,5.8,276,2025-09-20 21:00:00
322,Mirassol,Juventude,21 de set.,16:00,1.21,4.0,269,2025-09-21 16:00:00
323,Flamengo,Vasco,21 de set.,17:30,1.18,4.4,277,2025-09-21 17:30:00
324,Internacional,Grêmio,21 de set.,17:30,1.33,3.1,262,2025-09-21 17:30:00
325,Sport,Corinthians,21 de set.,17:30,1.94,1.79,261,2025-09-21 17:30:00
326,Cruzeiro,Bragantino,21 de set.,20:30,1.2,4.1,298,2025-09-21 20:30:00
327,Santos,São Paulo,21 de set.,20:30,1.7,2.05,274,2025-09-21 20:30:00
328,Fortaleza,Vitória,13 de set.,16:00,1.37,2.88,315,2025-09-13 16:00:00
329,Grêmio,Mirassol,13 de set.,16:00,1.58,2.23,272,2025-09-13 16:00:00
330,Palmeiras,Internacional,13 de set.,18:30,1.22,3.9,291,2025-09-13 18:30:00
331,Fluminense,Corinthians,13 de set.,21:00,1.4,2.75,315,2025-09-13 21:00:00
332,Bragantino,Sport,14 de set.,11:00,1.37,2.88,283,2025-09-14 11:00:00
333,Atlético-MG,Santos,14 de set.,16:00,1.36,2.9,345,2025-09-14 16:00:00
334,Juventude,Flamengo,14 de set.,16:00,5.3,1.13,280,2025-09-14 16:00:00
335,São Paulo,Botafogo,14 de set.,17:30,1.5,2.43,279,2025-09-14 17:30:00
336,Vasco,Ceará,14 de set.,20:30,1.34,3.0,290,2025-09-14 20:30:00
337,Bahia,Cruzeiro,15 de set.,20:00,1.58,2.25,316,2025-09-15 20:00:00
338,Vitória,Fluminense,20 de set.,16:00,1.74,1.98,40,2025-09-20 16:00:00
339,Botafogo,Atlético-MG,20 de set.,18:30,1.17,4.4,40,2025-09-20 18:30:00
340,Ceará,Bahia,20 de set.,18:30,1.86,1.84,40,2025-09-20 18:30:00
341,Palmeiras,Fortaleza,20 de set.,21:00,1.05,8.0,39,2025-09-20 21:00:00
342,Mirassol,Juventude,21 de set.,16:00,1.18,4.3,40,2025-09-21 16:00:00
343,Flamengo,Vasco,21 de set.,17:30,1.16,4.6,40,2025-09-21 17:30:00
344,Internacional,Grêmio,21 de set.,17:30,1.35,2.95,40,2025-09-21 17:30:00
345,Sport,Corinthians,21 de set.,17:30,1.9,1.8,40,2025-09-21 17:30:00
346,Cruzeiro,Bragantino,21 de set.,20:30,1.15,4.7,40,2025-09-21 20:30:00
347,Santos,São Paulo,21 de set.,20:30,1.7,2.04,40,2025-09-21 20:30:00
348,Botafogo,Santos,dom.,16:00,3.35,3.45,440,2025-10-26 16:00:00
349,Grêmio,Juventude,dom.,16:00,14.0,9.0,466,2025-10-26 16:00:00
350,Bragantino,Vasco,dom.,18:30,1.3,4.9,459,2025-10-26 18:30:00
351,Palmeiras,Cruzeiro,dom.,20:30,3.15,3.55,481,2025-10-26 20:30:00
352,Fluminense,Ceará,qua.,19:00,2.9,3.4,342,2025-10-29 19:00:00
353,Cruzeiro,Vitória,1 de nov.,16:00,2.23,3.5,319,2025-11-01 16:00:00
354,Santos,Fortaleza,1 de nov.,16:00,14.0,9.0,303,2025-11-01 16:00:00
355,Mirassol,Botafogo,1 de nov.,18:00,1.06,10.0,306,2025-11-01 18:00:00
356,Flamengo,Sport,1 de nov.,21:00,4.2,4.7,324,2025-11-01 21:00:00
357,Bahia,Bragantino,2 de nov.,16:00,5.8,4.8,326,2025-11-02 16:00:00
358,Ceará,Fluminense,2 de nov.,16:00,1.42,4.2,347,2025-11-02 16:00:00
359,Corinthians,Grêmio,2 de nov.,16:00,3.35,3.45,328,2025-11-02 16:00:00
360,Internacional,Atlético-MG,2 de nov.,18:30,1.22,5.6,321,2025-11-02 18:30:00
361,Juventude,Palmeiras,2 de nov.,18:30,16.0,9.0,360,2025-11-02 18:30:00
362,Vasco,São Paulo,2 de nov.,20:30,4.2,3.65,322,2025-11-02 20:30:00
363,Fortaleza,Vitória,sáb.,16:00,1.37,2.88,282,2025-09-13 16:00:00
364,Grêmio,Mirassol,sáb.,16:00,1.58,2.23,272,2025-09-13 16:00:00
365,Palmeiras,Internacional,sáb.,18:30,1.22,3.9,257,2025-09-13 18:30:00
366,Fluminense,Corinthians,sáb.,21:00,1.4,2.75,315,2025-09-13 21:00:00
367,Bragantino,Sport,14 de set.,11:00,1.38,2.85,253,2025-09-14 11:00:00
368,Atlético-MG,Santos,14 de set.,16:00,1.37,2.9,305,2025-09-14 16:00:00
369,Juventude,Flamengo,14 de set.,16:00,5.2,1.13,280,2025-09-14 16:00:00
370,São Paulo,Botafogo,14 de set.,17:30,1.5,2.43,245,2025-09-14 17:30:00
371,Vasco,Ceará,14 de set.,20:30,1.33,3.05,290,2025-09-14 20:30:00
372,Bahia,Cruzeiro,15 de set.,20:00,1.6,2.23,314,2025-09-15 20:00:00
373,Botafogo,Mirassol,17 de set.,19:30,1.23,3.75,283,2025-09-17 19:30:00
374,Vitória,Fluminense,20 de set.,16:00,1.74,1.98,40,2025-09-20 16:00:00
375,Botafogo,Atlético-MG,20 de set.,18:30,1.17,4.4,40,2025-09-20 18:30:00
376,Ceará,Bahia,20 de set.,18:30,1.86,1.84,40,2025-09-20 18:30:00
377,Palmeiras,Fortaleza,20 de set.,21:00,1.05,8.0,39,2025-09-20 21:00:00
378,Mirassol,Juventude,21 de set.,16:00,1.18,4.3,40,2025-09-21 16:00:00
379,Flamengo,Vasco,21 de set.,17:30,1.16,4.6,40,2025-09-21 17:30:00
380,Internacional,Grêmio,21 de set.,17:30,1.35,2.95,40,2025-09-21 17:30:00
381,Sport,Corinthians,21 de set.,17:30,1.9,1.8,40,2025-09-21 17:30:00
382,Cruzeiro,Bragantino,21 de set.,20:30,1.15,4.7,40,2025-09-21 20:30:00
383,Santos,São Paulo,21 de set.,20:30,1.7,2.04,40,2025-09-21 20:30:00
384,Corinthians,Atlético-MG,sáb.,18:30,1.42,2.7,447,2025-10-18 18:30:00
385,Cruzeiro,Fortaleza,sáb.,21:00,1.11,5.75,387,2025-10-18 21:00:00
386,Ceará,Botafogo,dom.,16:00,1.86,1.86,442,2025-10-19 16:00:00
387,Flamengo,Palmeiras,dom.,16:00,1.4,2.8,450,2025-10-19 16:00:00
388,Mirassol,São Paulo,dom.,16:00,1.62,2.15,435,2025-10-19 16:00:00
389,Internacional,Sport,dom.,18:30,1.22,3.9,411,2025-10-19 18:30:00
390,Bahia,Grêmio,dom.,20:30,1.28,3.35,415,2025-10-19 20:30:00
391,Juventude,Bragantino,seg.,19:00,1.83,1.89,433,2025-10-20 19:00:00
392,Vasco,Fluminense,seg.,19:30,2.02,1.72,472,2025-10-20 19:30:00
393,Santos,Vitória,seg.,21:30,1.23,3.8,426,2025-10-20 21:30:00
394,Bahia,Internacional,qua.,19:00,1.38,2.85,333,2025-10-22 19:00:00
395,Atlético-MG,Ceará,25 de out.,16:00,1.34,3.05,354,2025-10-25 16:00:00
396,Vitória,Corinthians,25 de out.,16:00,2.04,1.71,335,2025-10-25 16:00:00
397,Sport,Mirassol,25 de out.,18:30,2.12,1.66,325,2025-10-25 18:30:00
398,Fortaleza,Flamengo,25 de out.,19:30,3.05,1.34,325,2025-10-25 19:30:00
399,Fluminense,Internacional,25 de out.,21:30,1.45,2.6,346,2025-10-25 21:30:00
400,São Paulo,Bahia,25 de out.,21:30,1.44,2.63,340,2025-10-25 21:30:00
401,Botafogo,Santos,26 de out.,16:00,1.3,3.15,328,2025-10-26 16:00:00
402,Bragantino,Vasco,26 de out.,18:30,1.85,1.87,334,2025-10-26 18:30:00
403,Palmeiras,Cruzeiro,26 de out.,20:30,1.27,3.45,348,2025-10-26 20:30:00
404,Grêmio,Juventude,27 de out.,20:00,1.23,3.8,355,2025-10-27 20:00:00
405,Bahia,Internacional,qua.,19:00,1.43,2.65,403,2025-10-22 19:00:00
406,Atlético-MG,Ceará,sáb.,16:00,1.35,3.0,342,2025-10-25 16:00:00
407,Vitória,Corinthians,sáb.,16:00,2.05,1.7,336,2025-10-25 16:00:00
408,Fluminense,Internacional,sáb.,17:30,1.44,2.63,346,2025-10-25 17:30:00
409,Sport,Mirassol,sáb.,18:30,1.88,1.84,311,2025-10-25 18:30:00
410,Fortaleza,Flamengo,sáb.,19:30,3.9,1.22,297,2025-10-25 19:30:00
411,São Paulo,Bahia,sáb.,21:30,1.43,2.65,329,2025-10-25 21:30:00
412,Botafogo,Santos,dom.,16:00,1.3,3.2,327,2025-10-26 16:00:00
413,Grêmio,Juventude,dom.,16:00,1.21,4.0,353,2025-10-26 16:00:00
414,Bragantino,Vasco,dom.,18:30,1.65,2.1,338,2025-10-26 18:30:00
415,Palmeiras,Cruzeiro,dom.,20:30,1.23,3.8,342,2025-10-26 20:30:00
416,Fluminense,Ceará,29 de out.,19:00,1.22,3.85,343,2025-10-29 19:00:00
417,Cruzeiro,Vitória,1 de nov.,16:00,1.13,5.2,324,2025-11-01 16:00:00
418,Santos,Fortaleza,1 de nov.,16:00,1.33,3.1,308,2025-11-01 16:00:00
419,Mirassol,Botafogo,1 de nov.,18:00,1.58,2.25,311,2025-11-01 18:00:00
420,Flamengo,Sport,1 de nov.,21:00,1.04,10.0,336,2025-11-01 21:00:00
421,Bahia,Bragantino,2 de nov.,16:00,1.29,3.3,337,2025-11-02 16:00:00
422,Ceará,Fluminense,2 de nov.,16:00,1.83,1.89,346,2025-11-02 16:00:00
423,Corinthians,Grêmio,2 de nov.,16:00,1.32,3.1,340,2025-11-02 16:00:00
424,Internacional,Atlético-MG,2 de nov.,18:30,1.37,2.9,332,2025-11-02 18:30:00
425,Juventude,Palmeiras,2 de nov.,18:30,5.3,1.12,361,2025-11-02 18:30:00
426,Vasco,São Paulo,2 de nov.,20:30,1.53,2.38,323,2025-11-02 20:30:00
427,Juventude,Bragantino,seg.,19:00,14.0,8.0,429,2025-10-20 19:00:00
428,Vasco,Fluminense,seg.,19:30,15.0,8.5,468,2025-10-20 19:30:00
429,Santos,Vitória,seg.,21:30,5.0,4.35,442,2025-10-20 21:30:00
430,Bahia,Internacional,qua.,19:00,7.5,5.2,333,2025-10-22 19:00:00
431,Atlético-MG,Ceará,sáb.,16:00,3.6,3.35,348,2025-10-25 16:00:00
432,Vitória,Corinthians,sáb.,16:00,1.55,3.85,334,2025-10-25 16:00:00
433,Fluminense,Internacional,sáb.,17:30,19.0,11.0,346,2025-10-25 17:30:00
434,Sport,Mirassol,sáb.,18:30,13.0,7.5,314,2025-10-25 18:30:00
435,Fortaleza,Flamengo,sáb.,19:30,1.45,4.4,305,2025-10-25 19:30:00
436,São Paulo,Bahia,sáb.,21:30,1.26,5.1,332,2025-10-25 21:30:00
437,Botafogo,Santos,26 de out.,16:00,3.1,3.4,328,2025-10-26 16:00:00
438,Grêmio,Juventude,26 de out.,16:00,12.5,8.5,354,2025-10-26 16:00:00
439,Bragantino,Vasco,26 de out.,18:30,1.43,4.35,338,2025-10-26 18:30:00
440,Palmeiras,Cruzeiro,26 de out.,20:30,2.7,3.5,347,2025-10-26 20:30:00
441,Atlético-MG,Sport,qua.,19:00,1.22,3.9,352,2025-10-08 19:00:00
442,Mirassol,Fluminense,qua.,21:00,1.6,2.23,320,2025-10-08 21:00:00
443,Palmeiras,Juventude,sáb.,19:00,1.06,8.0,326,2025-10-11 19:00:00
444,Palmeiras,Bragantino,15 de out.,19:00,1.14,5.0,353,2025-10-15 19:00:00
445,Botafogo,Flamengo,15 de out.,19:30,2.48,1.48,317,2025-10-15 19:30:00
446,Mirassol,Internacional,15 de out.,20:00,1.52,2.38,303,2025-10-15 20:00:00
447,Sport,Ceará,15 de out.,20:00,1.63,2.17,324,2025-10-15 20:00:00
448,Atlético-MG,Cruzeiro,15 de out.,21:30,1.87,1.85,335,2025-10-15 21:30:00
449,Fortaleza,Vasco,15 de out.,21:30,1.62,2.2,297,2025-10-15 21:30:00
450,Santos,Corinthians,15 de out.,21:30,1.53,2.38,284,2025-10-15 21:30:00
451,Grêmio,São Paulo,16 de out.,19:00,1.73,2.02,291,2025-10-16 19:00:00
452,Fluminense,Juventude,16 de out.,21:30,1.14,5.0,363,2025-10-16 21:30:00
453,Vitória,Bahia,16 de out.,21:30,2.02,1.72,309,2025-10-16 21:30:00
454,Corinthians,Atlético-MG,18 de out.,18:30,1.44,2.63,331,2025-10-18 18:30:00
455,Internacional,Sport,18 de out.,18:30,1.19,4.2,314,2025-10-18 18:30:00
456,Cruzeiro,Fortaleza,18 de out.,21:00,1.19,4.2,316,2025-10-18 21:00:00
457,Ceará,Botafogo,19 de out.,16:00,1.94,1.79,320,2025-10-19 16:00:00
458,Mirassol,São Paulo,19 de out.,16:00,1.62,2.18,315,2025-10-19 16:00:00
459,Flamengo,Palmeiras,19 de out.,18:30,1.36,2.95,324,2025-10-19 18:30:00
460,Bahia,Grêmio,19 de out.,20:30,1.36,2.9,303,2025-10-19 20:30:00
461,Juventude,Bragantino,20 de out.,19:00,1.82,1.9,324,2025-10-20 19:00:00
462,Vasco,Fluminense,20 de out.,19:30,1.74,2.0,334,2025-10-20 19:30:00
463,Santos,Vitória,20 de out.,21:30,1.27,3.45,318,2025-10-20 21:30:00
464,Cruzeiro,Vitória,sáb.,16:00,1.13,5.2,384,2025-11-01 16:00:00
465,Santos,Fortaleza,sáb.,16:00,1.27,3.5,400,2025-11-01 16:00:00
466,Mirassol,Botafogo,sáb.,18:00,1.52,2.4,369,2025-11-01 18:00:00
467,Flamengo,Sport,sáb.,21:00,1.04,10.0,382,2025-11-01 21:00:00
468,Bahia,Bragantino,dom.,16:00,1.29,3.35,317,2025-11-02 16:00:00
469,Ceará,Fluminense,dom.,16:00,1.83,1.9,337,2025-11-02 16:00:00
470,Corinthians,Grêmio,dom.,16:00,1.29,3.35,320,2025-11-02 16:00:00
471,Internacional,Atlético-MG,dom.,18:30,1.43,2.65,311,2025-11-02 18:30:00
472,Juventude,Palmeiras,dom.,18:30,4.7,1.16,349,2025-11-02 18:30:00
473,Vasco,São Paulo,dom.,20:30,1.54,2.33,308,2025-11-02 20:30:00
474,Bragantino,Corinthians,qua.,19:00,1.58,2.25,335,2025-11-05 19:00:00
475,Sport,Juventude,qua.,19:00,1.34,3.05,336,2025-11-05 19:00:00
476,Vitória,Internacional,qua.,19:00,1.75,1.98,319,2025-11-05 19:00:00
477,Botafogo,Vasco,qua.,19:30,1.4,2.75,344,2025-11-05 19:30:00
478,Atlético-MG,Bahia,qua.,20:00,1.55,2.33,349,2025-11-05 20:00:00
479,Grêmio,Cruzeiro,qua.,20:00,2.18,1.62,321,2025-11-05 20:00:00
480,São Paulo,Flamengo,qua.,21:30,2.75,1.4,301,2025-11-05 21:30:00
481,Fluminense,Mirassol,6 de nov.,19:30,1.38,2.85,351,2025-11-06 19:30:00
482,Ceará,Fortaleza,6 de nov.,20:00,1.6,2.23,316,2025-11-06 20:00:00
483,Palmeiras,Santos,6 de nov.,21:30,1.12,5.4,348,2025-11-06 21:30:00
484,Fortaleza,Vitória,13 de set.,16:00,1.37,2.88,282,2025-09-13 16:00:00
485,Grêmio,Mirassol,13 de set.,16:00,1.58,2.23,272,2025-09-13 16:00:00
486,Palmeiras,Internacional,13 de set.,18:30,1.22,3.9,257,2025-09-13 18:30:00
487,Fluminense,Corinthians,13 de set.,21:00,1.4,2.75,315,2025-09-13 21:00:00
488,Bragantino,Sport,14 de set.,11:00,1.38,2.85,253,2025-09-14 11:00:00
489,Atlético-MG,Santos,14 de set.,16:00,1.35,2.95,214,2025-09-14 16:00:00
490,Juventude,Flamengo,14 de set.,16:00,5.2,1.13,280,2025-09-14 16:00:00
491,São Paulo,Botafogo,14 de set.,17:30,1.5,2.45,245,2025-09-14 17:30:00
492,Vasco,Ceará,14 de set.,20:30,1.33,3.05,290,2025-09-14 20:30:00
493,Bahia,Cruzeiro,15 de set.,20:00,1.6,2.23,314,2025-09-15 20:00:00
494,Vitória,Fluminense,20 de set.,16:00,1.74,1.98,40,2025-09-20 16:00:00
495,Botafogo,Atlético-MG,20 de set.,18:30,1.17,4.4,40,2025-09-20 18:30:00
496,Ceará,Bahia,20 de set.,18:30,1.86,1.84,40,2025-09-20 18:30:00
497,Palmeiras,Fortaleza,20 de set.,21:00,1.05,8.0,39,2025-09-20 21:00:00
498,Mirassol,Juventude,21 de set.,16:00,1.18,4.3,40,2025-09-21 16:00:00
499,Flamengo,Vasco,21 de set.,17:30,1.16,4.6,40,2025-09-21 17:30:00
500,Internacional,Grêmio,21 de set.,17:30,1.35,2.95,40,2025-09-21 17:30:00
501,Sport,Corinthians,21 de set.,17:30,1.9,1.8,40,2025-09-21 17:30:00
502,Cruzeiro,Bragantino,21 de set.,20:30,1.15,4.7,40,2025-09-21 20:30:00
503,Santos,São Paulo,21 de set.,20:30,1.7,2.04,40,2025-09-21 20:30:00
504,Cruzeiro,Vitória,sáb.,16:00,1.12,5.3,413,2025-11-01 16:00:00
505,Santos,Fortaleza,sáb.,16:00,1.26,3.55,442,2025-11-01 16:00:00
506,Mirassol,Botafogo,sáb.,18:00,1.61,2.2,417,2025-11-01 18:00:00
507,Flamengo,Sport,sáb.,21:00,1.03,10.5,439,2025-11-01 21:00:00
508,Bahia,Bragantino,dom.,16:00,1.25,3.6,453,2025-11-02 16:00:00
509,Ceará,Fluminense,dom.,16:00,1.91,1.78,466,2025-11-02 16:00:00
510,Corinthians,Grêmio,dom.,16:00,1.25,3.55,468,2025-11-02 16:00:00
511,Internacional,Atlético-MG,dom.,18:30,1.41,2.7,431,2025-11-02 18:30:00
512,Juventude,Palmeiras,dom.,18:30,4.6,1.17,490,2025-11-02 18:30:00
513,Vasco,São Paulo,dom.,20:30,1.49,2.48,455,2025-11-02 20:30:00
514,Bragantino,Corinthians,qua.,19:00,1.58,2.25,335,2025-11-05 19:00:00
515,Sport,Juventude,qua.,19:00,1.33,3.05,336,2025-11-05 19:00:00
516,Vitória,Internacional,qua.,19:00,1.74,2.0,316,2025-11-05 19:00:00
517,Botafogo,Vasco,qua.,19:30,1.4,2.75,336,2025-11-05 19:30:00
518,Atlético-MG,Bahia,qua.,20:00,1.55,2.33,349,2025-11-05 20:00:00
519,Grêmio,Cruzeiro,qua.,20:00,2.15,1.63,312,2025-11-05 20:00:00
520,São Paulo,Flamengo,qua.,21:30,2.8,1.38,302,2025-11-05 21:30:00
521,Fluminense,Mirassol,qui.,19:30,1.38,2.8,347,2025-11-06 19:30:00
522,Ceará,Fortaleza,qui.,20:00,1.6,2.23,307,2025-11-06 20:00:00
523,Palmeiras,Santos,qui.,21:30,1.12,5.4,348,2025-11-06 21:30:00
524,Bahia,Cruzeiro,seg.,20:00,4.9,4.0,283,2025-09-15 20:00:00
525,Botafogo,Mirassol,qua.,19:30,2.75,3.4,291,2025-09-17 19:30:00
526,Vitória,Fluminense,sáb.,16:00,1.45,4.1,297,2025-09-20 16:00:00
527,Botafogo,Atlético-MG,sáb.,18:30,2.8,3.3,317,2025-09-20 18:30:00
528,Ceará,Bahia,sáb.,18:30,1.45,4.1,261,2025-09-20 18:30:00
529,Palmeiras,Fortaleza,sáb.,21:00,2.08,3.55,277,2025-09-20 21:00:00
530,Mirassol,Juventude,21 de set.,16:00,5.3,4.5,270,2025-09-21 16:00:00
531,Flamengo,Vasco,21 de set.,17:30,2.1,3.5,268,2025-09-21 17:30:00
532,Internacional,Grêmio,21 de set.,17:30,3.35,3.5,256,2025-09-21 17:30:00
533,Sport,Corinthians,21 de set.,17:30,1.47,4.0,254,2025-09-21 17:30:00
534,Cruzeiro,Bragantino,21 de set.,20:30,5.5,4.5,300,2025-09-21 20:30:00
535,Santos,São Paulo,21 de set.,20:30,1.37,4.4,276,2025-09-21 20:30:00
536,Atlético-MG,Fortaleza,qua.,20:30,3.05,3.45,302,2025-11-12 20:30:00
537,Sport,Flamengo,sáb.,18:30,1.08,11.0,293,2025-11-15 18:30:00
538,Santos,Palmeiras,sáb.,21:00,1.29,5.5,308,2025-11-15 21:00:00
539,Bragantino,Atlético-MG,16 de nov.,19:00,1.3,5.0,287,2025-11-16 19:00:00
540,Fortaleza,Vitória,sáb.,16:00,1.37,2.88,355,2025-09-13 16:00:00
541,Grêmio,Mirassol,sáb.,16:00,1.58,2.25,315,2025-09-13 16:00:00
542,Palmeiras,Internacional,sáb.,18:30,1.22,3.9,311,2025-09-13 18:30:00
543,Fluminense,Corinthians,sáb.,21:00,1.42,2.7,310,2025-09-13 21:00:00
544,Bragantino,Sport,dom.,11:00,1.38,2.85,255,2025-09-14 11:00:00
545,Atlético-MG,Santos,dom.,16:00,1.36,2.95,306,2025-09-14 16:00:00
546,Juventude,Flamengo,dom.,16:00,5.3,1.12,283,2025-09-14 16:00:00
547,São Paulo,Botafogo,dom.,17:30,1.5,2.43,248,2025-09-14 17:30:00
548,Vasco,Ceará,dom.,20:30,1.33,3.05,290,2025-09-14 20:30:00
549,Bahia,Cruzeiro,seg.,20:00,1.58,2.23,277,2025-09-15 20:00:00
550,Botafogo,Mirassol,17 de set.,19:30,1.23,3.75,283,2025-09-17 19:30:00
551,Vitória,Fluminense,20 de set.,16:00,1.73,2.02,293,2025-09-20 16:00:00
552,Botafogo,Atlético-MG,20 de set.,18:30,1.2,4.1,308,2025-09-20 18:30:00
553,Ceará,Bahia,20 de set.,18:30,1.89,1.83,256,2025-09-20 18:30:00
554,Palmeiras,Fortaleza,20 de set.,21:00,1.1,6.0,267,2025-09-20 21:00:00
555,Mirassol,Juventude,21 de set.,16:00,1.21,4.0,262,2025-09-21 16:00:00
556,Flamengo,Vasco,21 de set.,17:30,1.18,4.4,271,2025-09-21 17:30:00
557,Internacional,Grêmio,21 de set.,17:30,1.37,2.9,259,2025-09-21 17:30:00
558,Sport,Corinthians,21 de set.,17:30,1.92,1.8,251,2025-09-21 17:30:00
559,Cruzeiro,Bragantino,21 de set.,20:30,1.19,4.2,293,2025-09-21 20:30:00
560,Santos,São Paulo,21 de set.,20:30,1.7,2.05,268,2025-09-21 20:30:00
561,Palmeiras,Juventude,sáb.,19:00,1.05,8.5,291,2025-10-11 19:00:00
562,Palmeiras,Bragantino,15 de out.,19:00,1.12,5.4,353,2025-10-15 19:00:00
563,Botafogo,Flamengo,15 de out.,19:30,2.48,1.48,317,2025-10-15 19:30:00
564,Mirassol,Internacional,15 de out.,20:00,1.52,2.38,303,2025-10-15 20:00:00
565,Sport,Ceará,15 de out.,20:00,1.62,2.17,314,2025-10-15 20:00:00
566,Atlético-MG,Cruzeiro,15 de out.,21:30,1.87,1.85,335,2025-10-15 21:30:00
567,Fortaleza,Vasco,15 de out.,21:30,1.61,2.2,299,2025-10-15 21:30:00
568,Santos,Corinthians,15 de out.,21:30,1.53,2.38,284,2025-10-15 21:30:00
569,Grêmio,São Paulo,16 de out.,19:00,1.73,2.02,291,2025-10-16 19:00:00
570,Fluminense,Juventude,16 de out.,21:30,1.14,5.0,363,2025-10-16 21:30:00
571,Vitória,Bahia,16 de out.,21:30,2.02,1.72,309,2025-10-16 21:30:00
572,Corinthians,Atlético-MG,18 de out.,18:30,1.44,2.63,331,2025-10-18 18:30:00
573,Internacional,Sport,18 de out.,18:30,1.2,4.1,310,2025-10-18 18:30:00
574,Cruzeiro,Fortaleza,18 de out.,21:00,1.19,4.2,316,2025-10-18 21:00:00
575,Ceará,Botafogo,19 de out.,16:00,1.94,1.79,320,2025-10-19 16:00:00
576,Flamengo,Palmeiras,19 de out.,16:00,1.36,2.95,324,2025-10-19 16:00:00
577,Mirassol,São Paulo,19 de out.,16:00,1.62,2.18,315,2025-10-19 16:00:00
578,Bahia,Grêmio,19 de out.,20:30,1.36,2.9,303,2025-10-19 20:30:00
579,Juventude,Bragantino,20 de out.,19:00,1.82,1.9,324,2025-10-20 19:00:00
580,Vasco,Fluminense,20 de out.,19:30,1.87,1.86,334,2025-10-20 19:30:00
581,Santos,Vitória,20 de out.,21:30,1.27,3.45,318,2025-10-20 21:30:00
582,Mirassol,Bragantino,qua.,19:00,3.25,3.6,382,2025-10-01 19:00:00
583,Palmeiras,Vasco,qua.,19:00,1.06,9.5,455,2025-10-01 19:00:00
584,Sport,Fluminense,qua.,19:00,17.0,9.0,382,2025-10-01 19:00:00
585,Internacional,Corinthians,qua.,19:30,1.26,5.1,376,2025-10-01 19:30:00
586,Botafogo,Bahia,qua.,21:30,1.2,5.8,372,2025-10-01 21:30:00
587,Santos,Grêmio,qua.,21:30,1.27,5.0,373,2025-10-01 21:30:00
588,Vitória,Ceará,qui.,19:00,1.34,4.5,367,2025-10-02 19:00:00
589,Fortaleza,São Paulo,qui.,19:30,1.13,7.5,355,2025-10-02 19:30:00
590,Flamengo,Cruzeiro,qui.,20:30,1.13,7.0,388,2025-10-02 20:30:00
591,Bragantino,Grêmio,sáb.,18:30,4.3,3.8,271,2025-10-04 18:30:00
592,Fluminense,Atlético-MG,sáb.,18:30,1.19,5.8,327,2025-10-04 18:30:00
593,Internacional,Botafogo,sáb.,18:30,5.3,4.0,287,2025-10-04 18:30:00
594,Corinthians,Mirassol,sáb.,21:00,4.1,3.6,263,2025-10-04 21:00:00
595,São Paulo,Palmeiras,dom.,16:00,1.53,3.9,302,2025-10-05 16:00:00
596,Vasco,Vitória,dom.,16:00,1.2,5.8,288,2025-10-05 16:00:00
597,Bahia,Flamengo,dom.,18:30,1.91,3.55,302,2025-10-05 18:30:00
598,Juventude,Fortaleza,dom.,18:30,5.3,4.0,277,2025-10-05 18:30:00
599,Ceará,Santos,dom.,20:30,4.6,3.6,266,2025-10-05 20:30:00
600,Cruzeiro,Sport,dom.,20:30,13.0,10.0,288,2025-10-05 20:30:00
601,Atlético-MG,Sport,qua.,19:00,1.2,4.1,487,2025-10-08 19:00:00
602,Mirassol,Fluminense,qua.,21:00,1.65,2.12,453,2025-10-08 21:00:00
603,Palmeiras,Juventude,sáb.,19:00,1.05,8.5,291,2025-10-11 19:00:00
604,Palmeiras,Bragantino,15 de out.,19:00,1.12,5.4,353,2025-10-15 19:00:00
605,Botafogo,Flamengo,15 de out.,19:30,2.48,1.48,317,2025-10-15 19:30:00
606,Mirassol,Internacional,15 de out.,20:00,1.52,2.38,303,2025-10-15 20:00:00
607,Sport,Ceará,15 de out.,20:00,1.63,2.17,315,2025-10-15 20:00:00
608,Atlético-MG,Cruzeiro,15 de out.,21:30,1.87,1.85,335,2025-10-15 21:30:00
609,Fortaleza,Vasco,15 de out.,21:30,1.61,2.2,298,2025-10-15 21:30:00
610,Santos,Corinthians,15 de out.,21:30,1.53,2.38,284,2025-10-15 21:30:00
611,Grêmio,São Paulo,16 de out.,19:00,1.73,2.02,291,2025-10-16 19:00:00
612,Fluminense,Juventude,16 de out.,21:30,1.14,5.0,363,2025-10-16 21:30:00
613,Vitória,Bahia,16 de out.,21:30,2.02,1.72,309,2025-10-16 21:30:00
614,Corinthians,Atlético-MG,18 de out.,18:30,1.44,2.63,331,2025-10-18 18:30:00
615,Internacional,Sport,18 de out.,18:30,1.2,4.1,312,2025-10-18 18:30:00
616,Cruzeiro,Fortaleza,18 de out.,21:00,1.19,4.2,316,2025-10-18 21:00:00
617,Ceará,Botafogo,19 de out.,16:00,1.94,1.79,320,2025-10-19 16:00:00
618,Mirassol,São Paulo,19 de out.,16:00,1.62,2.18,315,2025-10-19 16:00:00
619,Flamengo,Palmeiras,19 de out.,18:30,1.36,2.95,324,2025-10-19 18:30:00
620,Bahia,Grêmio,19 de out.,20:30,1.36,2.9,303,2025-10-19 20:30:00
621,Juventude,Bragantino,20 de out.,19:00,1.82,1.9,324,2025-10-20 19:00:00
622,Vasco,Fluminense,20 de out.,19:30,1.74,2.0,334,2025-10-20 19:30:00
623,Santos,Vitória,20 de out.,21:30,1.27,3.45,318,2025-10-20 21:30:00
624,Vitória,Fluminense,sáb.,16:00,1.83,1.89,381,2025-09-20 16:00:00
625,Botafogo,Atlético-MG,sáb.,18:30,1.21,3.95,383,2025-09-20 18:30:00
626,Ceará,Bahia,sáb.,18:30,1.84,1.88,314,2025-09-20 18:30:00
627,Palmeiras,Fortaleza,sáb.,21:00,1.09,6.25,339,2025-09-20 21:00:00
628,Mirassol,Juventude,dom.,16:00,1.17,4.5,330,2025-09-21 16:00:00
629,Flamengo,Vasco,dom.,17:30,1.11,5.75,332,2025-09-21 17:30:00
630,Internacional,Grêmio,dom.,17:30,1.27,3.45,276,2025-09-21 17:30:00
631,Sport,Corinthians,dom.,17:30,1.95,1.78,304,2025-09-21 17:30:00
632,Cruzeiro,Bragantino,dom.,20:30,1.18,4.35,371,2025-09-21 20:30:00
633,Santos,São Paulo,dom.,20:30,1.71,2.04,315,2025-09-21 20:30:00
634,Grêmio,Botafogo,qua.,19:30,2.15,1.64,270,2025-09-24 19:30:00
635,Vasco,Bahia,qua.,19:30,1.75,1.98,284,2025-09-24 19:30:00
636,Fortaleza,Sport,27 de set.,16:00,1.3,3.25,259,2025-09-27 16:00:00
637,Juventude,Internacional,27 de set.,18:30,2.55,1.47,257,2025-09-27 18:30:00
638,Vasco,Cruzeiro,27 de set.,18:30,1.98,1.75,282,2025-09-27 18:30:00
639,Atlético-MG,Mirassol,27 de set.,21:00,1.44,2.63,304,2025-09-27 21:00:00
640,Grêmio,Vitória,28 de set.,11:00,1.25,3.6,272,2025-09-28 11:00:00
641,Bahia,Palmeiras,28 de set.,16:00,1.88,1.84,279,2025-09-28 16:00:00
642,Fluminense,Botafogo,28 de set.,16:00,1.66,2.1,300,2025-09-28 16:00:00
643,Bragantino,Santos,28 de set.,18:30,1.48,2.5,288,2025-09-28 18:30:00
644,Corinthians,Flamengo,28 de set.,20:30,2.7,1.41,277,2025-09-28 20:30:00
645,São Paulo,Ceará,29 de set.,20:00,1.2,4.1,299,2025-09-29 20:00:00
646,Bragantino,Corinthians,qua.,19:00,11.0,6.5,331,2025-11-05 19:00:00
647,Sport,Juventude,qua.,19:00,14.0,9.0,335,2025-11-05 19:00:00
648,Vitória,Internacional,qua.,19:00,5.1,4.0,315,2025-11-05 19:00:00
649,Botafogo,Vasco,qua.,19:30,1.24,5.4,332,2025-11-05 19:30:00
650,Atlético-MG,Bahia,qua.,20:00,9.5,6.1,351,2025-11-05 20:00:00
651,Grêmio,Cruzeiro,qua.,20:00,1.58,3.8,311,2025-11-05 20:00:00
652,São Paulo,Flamengo,qua.,21:30,1.8,3.5,290,2025-11-05 21:30:00
653,Fluminense,Mirassol,qui.,19:30,7.0,5.2,348,2025-11-06 19:30:00
654,Ceará,Fortaleza,qui.,20:00,4.5,3.75,303,2025-11-06 20:00:00
655,Palmeiras,Santos,qui.,21:30,3.75,4.1,344,2025-11-06 21:30:00
656,Palmeiras,Juventude,sáb.,19:00,1.04,9.5,404,2025-10-11 19:00:00
657,Palmeiras,Santos,qua.,19:00,1.09,6.25,99,2025-10-15 19:00:00
658,Botafogo,Flamengo,qua.,19:30,2.8,1.38,316,2025-10-15 19:30:00
659,Mirassol,Internacional,qua.,20:00,1.54,2.35,300,2025-10-15 20:00:00
660,Sport,Ceará,qua.,20:00,1.63,2.17,306,2025-10-15 20:00:00
661,Atlético-MG,Cruzeiro,qua.,21:30,1.86,1.86,327,2025-10-15 21:30:00
662,Fortaleza,Vasco,qua.,21:30,1.61,2.2,299,2025-10-15 21:30:00
663,Santos,Corinthians,qua.,21:30,1.53,2.38,284,2025-10-15 21:30:00
664,Grêmio,São Paulo,qui.,19:00,1.87,1.88,291,2025-10-16 19:00:00
665,Fluminense,Juventude,qui.,21:30,1.12,5.4,360,2025-10-16 21:30:00
666,Vitória,Bahia,qui.,21:30,2.02,1.72,309,2025-10-16 21:30:00
667,Corinthians,Atlético-MG,18 de out.,18:30,1.44,2.63,331,2025-10-18 18:30:00
668,Internacional,Sport,18 de out.,18:30,1.2,4.1,310,2025-10-18 18:30:00
669,Cruzeiro,Fortaleza,18 de out.,21:00,1.2,4.1,310,2025-10-18 21:00:00
670,Ceará,Botafogo,19 de out.,16:00,1.84,1.88,319,2025-10-19 16:00:00
671,Flamengo,Palmeiras,19 de out.,16:00,1.37,2.88,328,2025-10-19 16:00:00
672,Mirassol,São Paulo,19 de out.,16:00,1.8,1.93,316,2025-10-19 16:00:00
673,Bahia,Grêmio,19 de out.,20:30,1.36,2.9,303,2025-10-19 20:30:00
674,Juventude,Santos,20 de out.,19:00,1.81,1.92,320,2025-10-20 19:00:00
675,Vasco,Fluminense,20 de out.,19:30,1.93,1.81,334,2025-10-20 19:30:00
676,Santos,Vitória,20 de out.,21:30,1.27,3.45,318,2025-10-20 21:30:00
677,São Paulo,Palmeiras,dom.,16:00,1.6,3.75,435,2025-10-05 16:00:00
678,Vasco,Vitória,dom.,16:00,1.18,6.1,434,2025-10-05 16:00:00
679,Bahia,Flamengo,dom.,18:30,2.18,3.45,426,2025-10-05 18:30:00
680,Juventude,Fortaleza,dom.,18:30,5.1,3.95,403,2025-10-05 18:30:00
681,Ceará,Santos,dom.,20:30,5.0,3.75,394,2025-10-05 20:30:00
682,Cruzeiro,Sport,dom.,20:30,16.0,11.0,393,2025-10-05 20:30:00
683,Atlético-MG,Sport,qua.,19:00,5.8,4.6,351,2025-10-08 19:00:00
684,Mirassol,Fluminense,qua.,21:00,10.5,6.4,323,2025-10-08 21:00:00
685,Palmeiras,Juventude,11 de out.,19:00,8.5,7.0,348,2025-10-11 19:00:00
686,Palmeiras,Bragantino,15 de out.,19:00,4.0,4.1,354,2025-10-15 19:00:00
687,Botafogo,Flamengo,15 de out.,19:30,8.0,4.9,326,2025-10-15 19:30:00
688,Mirassol,Internacional,15 de out.,20:00,1.07,10.0,303,2025-10-15 20:00:00
689,Sport,Ceará,15 de out.,20:00,4.8,3.65,321,2025-10-15 20:00:00
690,Atlético-MG,Cruzeiro,15 de out.,21:30,5.8,4.1,337,2025-10-15 21:30:00
691,Fortaleza,Vasco,15 de out.,21:30,4.6,3.8,308,2025-10-15 21:30:00
692,Santos,Corinthians,15 de out.,21:30,4.5,3.55,298,2025-10-15 21:30:00
693,Grêmio,São Paulo,16 de out.,19:00,4.75,3.85,295,2025-10-16 19:00:00
694,Fluminense,Juventude,16 de out.,21:30,4.6,4.1,358,2025-10-16 21:30:00
695,Vitória,Bahia,16 de out.,21:30,1.52,4.0,336,2025-10-16 21:30:00
696,Vitória,Fluminense,sáb.,16:00,1.44,4.1,381,2025-09-20 16:00:00
697,Botafogo,Atlético-MG,sáb.,18:30,2.75,3.3,401,2025-09-20 18:30:00
698,Ceará,Bahia,sáb.,18:30,1.46,4.0,314,2025-09-20 18:30:00
699,Palmeiras,Fortaleza,sáb.,21:00,2.05,3.55,277,2025-09-20 21:00:00
700,Mirassol,Juventude,dom.,16:00,5.3,4.5,272,2025-09-21 16:00:00
701,Flamengo,Vasco,dom.,17:30,2.02,3.65,273,2025-09-21 17:30:00
702,Internacional,Grêmio,dom.,17:30,3.05,3.5,235,2025-09-21 17:30:00
703,Sport,Corinthians,dom.,17:30,1.45,4.0,239,2025-09-21 17:30:00
704,Cruzeiro,Bragantino,dom.,20:30,4.9,4.35,301,2025-09-21 20:30:00
705,Santos,São Paulo,dom.,20:30,1.38,4.4,272,2025-09-21 20:30:00
706,Grêmio,Botafogo,24 de set.,19:30,1.17,6.5,281,2025-09-24 19:30:00
707,Vasco,Bahia,24 de set.,19:30,1.41,4.3,284,2025-09-24 19:30:00
708,Fortaleza,Sport,27 de set.,16:00,15.0,9.5,259,2025-09-27 16:00:00
709,Juventude,Internacional,27 de set.,18:30,21.0,10.5,257,2025-09-27 18:30:00
710,Vasco,Cruzeiro,27 de set.,18:30,1.15,7.0,282,2025-09-27 18:30:00
711,Atlético-MG,Mirassol,27 de set.,21:00,1.26,5.1,304,2025-09-27 21:00:00
712,Grêmio,Vitória,28 de set.,11:00,14.0,9.0,272,2025-09-28 11:00:00
713,Bahia,Palmeiras,28 de set.,16:00,5.75,4.1,279,2025-09-28 16:00:00
714,Fluminense,Botafogo,28 de set.,16:00,4.8,3.85,309,2025-09-28 16:00:00
715,Bragantino,Santos,28 de set.,18:30,1.28,5.0,288,2025-09-28 18:30:00
716,Corinthians,Flamengo,28 de set.,20:30,1.25,5.6,277,2025-09-28 20:30:00
717,São Paulo,Ceará,29 de set.,20:00,1.12,7.0,299,2025-09-29 20:00:00
718,Fortaleza,Vitória,13 de set.,16:00,1.37,2.88,315,2025-09-13 16:00:00
719,Grêmio,Mirassol,13 de set.,16:00,1.58,2.23,272,2025-09-13 16:00:00
720,Palmeiras,Internacional,13 de set.,18:30,1.22,3.9,291,2025-09-13 18:30:00
721,Fluminense,Corinthians,13 de set.,21:00,1.4,2.75,315,2025-09-13 21:00:00
722,Bragantino,Sport,14 de set.,11:00,1.37,2.88,283,2025-09-14 11:00:00
723,Atlético-MG,Santos,14 de set.,16:00,1.36,2.9,345,2025-09-14 16:00:00
724,Juventude,Flamengo,14 de set.,16:00,5.2,1.13,280,2025-09-14 16:00:00
725,São Paulo,Botafogo,14 de set.,17:30,1.5,2.43,279,2025-09-14 17:30:00
726,Vasco,Ceará,14 de set.,20:30,1.33,3.05,290,2025-09-14 20:30:00
727,Bahia,Cruzeiro,15 de set.,20:00,1.58,2.23,318,2025-09-15 20:00:00
728,Vitória,Fluminense,20 de set.,16:00,1.74,1.98,40,2025-09-20 16:00:00
729,Botafogo,Atlético-MG,20 de set.,18:30,1.17,4.4,40,2025-09-20 18:30:00
730,Ceará,Bahia,20 de set.,18:30,1.86,1.84,40,2025-09-20 18:30:00
731,Palmeiras,Fortaleza,20 de set.,21:00,1.05,8.0,39,2025-09-20 21:00:00
732,Mirassol,Juventude,21 de set.,16:00,1.18,4.3,40,2025-09-21 16:00:00
733,Flamengo,Vasco,21 de set.,17:30,1.16,4.6,40,2025-09-21 17:30:00
734,Internacional,Grêmio,21 de set.,17:30,1.35,2.95,40,2025-09-21 17:30:00
735,Sport,Corinthians,21 de set.,17:30,1.9,1.8,40,2025-09-21 17:30:00
736,Cruzeiro,Bragantino,21 de set.,20:30,1.15,4.7,40,2025-09-21 20:30:00
737,Santos,São Paulo,21 de set.,20:30,1.7,2.04,40,2025-09-21 20:30:00
738,Fluminense,Ceará,qua.,19:00,1.18,4.3,485,2025-10-29 19:00:00
739,Cruzeiro,Vitória,sáb.,16:00,1.13,5.2,305,2025-11-01 16:00:00
740,Santos,Fortaleza,sáb.,16:00,1.32,3.15,303,2025-11-01 16:00:00
741,Mirassol,Botafogo,sáb.,18:00,1.52,2.4,294,2025-11-01 18:00:00
742,Flamengo,Sport,sáb.,21:00,1.03,11.0,298,2025-11-01 21:00:00
743,Bahia,Bragantino,dom.,16:00,1.29,3.35,314,2025-11-02 16:00:00
744,Ceará,Fluminense,dom.,16:00,1.82,1.9,347,2025-11-02 16:00:00
745,Corinthians,Grêmio,dom.,16:00,1.28,3.4,318,2025-11-02 16:00:00
746,Internacional,Atlético-MG,dom.,18:30,1.41,2.7,308,2025-11-02 18:30:00
747,Juventude,Palmeiras,dom.,18:30,4.8,1.15,346,2025-11-02 18:30:00
748,Vasco,São Paulo,dom.,20:30,1.54,2.33,305,2025-11-02 20:30:00
749,Bragantino,Corinthians,5 de nov.,19:00,1.58,2.25,335,2025-11-05 19:00:00
750,Sport,Juventude,5 de nov.,19:00,1.34,3.05,336,2025-11-05 19:00:00
751,Vitória,Internacional,5 de nov.,19:00,1.75,1.98,319,2025-11-05 19:00:00
752,Botafogo,Vasco,5 de nov.,19:30,1.4,2.75,344,2025-11-05 19:30:00
753,Atlético-MG,Bahia,5 de nov.,20:00,1.55,2.33,349,2025-11-05 20:00:00
754,Grêmio,Cruzeiro,5 de nov.,20:00,2.18,1.62,321,2025-11-05 20:00:00
755,São Paulo,Flamengo,5 de nov.,21:30,2.75,1.4,301,2025-11-05 21:30:00
756,Fluminense,Mirassol,6 de nov.,19:30,1.38,2.85,351,2025-11-06 19:30:00
757,Ceará,Fortaleza,6 de nov.,20:00,1.6,2.23,316,2025-11-06 20:00:00
758,Palmeiras,Santos,6 de nov.,21:30,1.12,5.4,348,2025-11-06 21:30:00
759,Atlético-MG,Ceará,sáb.,16:00,1.37,2.9,342,2025-10-25 16:00:00
760,Vitória,Corinthians,sáb.,16:00,1.94,1.79,331,2025-10-25 16:00:00
761,Fluminense,Internacional,sáb.,17:30,1.45,2.6,334,2025-10-25 17:30:00
762,Sport,Mirassol,sáb.,18:30,1.88,1.85,311,2025-10-25 18:30:00
763,Fortaleza,Flamengo,sáb.,19:30,3.6,1.25,296,2025-10-25 19:30:00
764,São Paulo,Bahia,sáb.,21:30,1.43,2.65,325,2025-10-25 21:30:00
765,Botafogo,Santos,dom.,16:00,1.3,3.2,306,2025-10-26 16:00:00
766,Grêmio,Juventude,dom.,16:00,1.22,3.9,343,2025-10-26 16:00:00
767,Bragantino,Vasco,dom.,18:30,1.67,2.1,327,2025-10-26 18:30:00
768,Palmeiras,Cruzeiro,dom.,20:30,1.24,3.7,341,2025-10-26 20:30:00
769,Fluminense,Ceará,29 de out.,19:00,1.22,3.85,343,2025-10-29 19:00:00
770,Cruzeiro,Vitória,1 de nov.,16:00,1.13,5.2,324,2025-11-01 16:00:00
771,Santos,Fortaleza,1 de nov.,16:00,1.33,3.1,308,2025-11-01 16:00:00
772,Mirassol,Botafogo,1 de nov.,18:00,1.58,2.25,307,2025-11-01 18:00:00
773,Flamengo,Sport,1 de nov.,21:00,1.04,10.0,336,2025-11-01 21:00:00
774,Bahia,Bragantino,2 de nov.,16:00,1.28,3.35,332,2025-11-02 16:00:00
775,Ceará,Fluminense,2 de nov.,16:00,1.83,1.89,346,2025-11-02 16:00:00
776,Corinthians,Grêmio,2 de nov.,16:00,1.32,3.15,333,2025-11-02 16:00:00
777,Internacional,Atlético-MG,2 de nov.,18:30,1.37,2.9,320,2025-11-02 18:30:00
778,Juventude,Palmeiras,2 de nov.,18:30,5.4,1.12,359,2025-11-02 18:30:00
779,Vasco,São Paulo,2 de nov.,20:30,1.53,2.38,322,2025-11-02 20:30:00
780,Corinthians,Ceará,dom.,16:00,0.5,0.5,480,2025-11-09 16:00:00
781,Cruzeiro,Fluminense,dom.,16:00,0.5,0.5,439,2025-11-09 16:00:00
782,Vitória,Botafogo,dom.,16:00,0.5,0.5,438,2025-11-09 16:00:00
783,Flamengo,Santos,dom.,18:30,1.5,1.5,456,2025-11-09 18:30:00
784,Fortaleza,Grêmio,dom.,20:30,0.5,0.5,474,2025-11-09 20:30:00
785,Mirassol,Palmeiras,dom.,20:30,0.5,0.5,481,2025-11-09 20:30:00
786,Fluminense,Ceará,qua.,19:00,2.9,3.4,342,2025-10-29 19:00:00
787,Cruzeiro,Vitória,sáb.,16:00,2.25,3.45,317,2025-11-01 16:00:00
788,Santos,Fortaleza,sáb.,16:00,14.0,9.0,303,2025-11-01 16:00:00
789,Mirassol,Botafogo,sáb.,18:00,1.07,10.0,299,2025-11-01 18:00:00
790,Flamengo,Sport,sáb.,21:00,4.2,4.6,319,2025-11-01 21:00:00
791,Bahia,Bragantino,2 de nov.,16:00,5.8,4.8,320,2025-11-02 16:00:00
792,Ceará,Fluminense,2 de nov.,16:00,1.42,4.2,347,2025-11-02 16:00:00
793,Corinthians,Grêmio,2 de nov.,16:00,3.35,3.5,318,2025-11-02 16:00:00
794,Internacional,Atlético-MG,2 de nov.,18:30,1.24,5.3,311,2025-11-02 18:30:00
795,Juventude,Palmeiras,2 de nov.,18:30,16.0,9.0,360,2025-11-02 18:30:00
796,Vasco,São Paulo,2 de nov.,20:30,4.1,3.65,313,2025-11-02 20:30:00
797,Sport,Atlético-MG,sáb.,16:00,0.5,0.5,507,2025-11-08 16:00:00
798,Vasco,Juventude,sáb.,18:00,1.5,1.5,495,2025-11-08 18:00:00
799,Internacional,Bahia,sáb.,18:30,0.5,0.5,429,2025-11-08 18:30:00
800,São Paulo,Bragantino,sáb.,21:00,0.5,0.5,460,2025-11-08 21:00:00
801,Corinthians,Ceará,dom.,16:00,0.5,0.5,471,2025-11-09 16:00:00
802,Cruzeiro,Fluminense,dom.,16:00,0.5,0.5,441,2025-11-09 16:00:00
803,Vitória,Botafogo,dom.,16:00,0.5,0.5,437,2025-11-09 16:00:00
804,Flamengo,Santos,dom.,18:30,1.5,1.5,455,2025-11-09 18:30:00
805,Fortaleza,Grêmio,dom.,20:30,0.5,0.5,468,2025-11-09 20:30:00
806,Mirassol,Palmeiras,dom.,20:30,0.5,0.5,476,2025-11-09 20:30:00
807,Palmeiras,Bragantino,qua.,19:00,1.09,6.25,332,2025-10-15 19:00:00
808,Botafogo,Flamengo,qua.,19:30,2.43,1.5,318,2025-10-15 19:30:00
809,Mirassol,Internacional,qua.,20:00,1.54,2.35,300,2025-10-15 20:00:00
810,Sport,Ceará,qua.,20:00,1.63,2.17,306,2025-10-15 20:00:00
811,Atlético-MG,Cruzeiro,qua.,21:30,1.87,1.85,325,2025-10-15 21:30:00
812,Fortaleza,Vasco,qua.,21:30,1.57,2.28,307,2025-10-15 21:30:00
813,Santos,Corinthians,qua.,21:30,1.53,2.38,284,2025-10-15 21:30:00
814,Grêmio,São Paulo,qui.,19:00,1.87,1.88,291,2025-10-16 19:00:00
815,Fluminense,Juventude,qui.,21:30,1.13,5.3,362,2025-10-16 21:30:00
816,Vitória,Bahia,qui.,21:30,2.02,1.72,309,2025-10-16 21:30:00
817,Corinthians,Atlético-MG,sáb.,18:30,1.43,2.65,327,2025-10-18 18:30:00
818,Internacional,Sport,sáb.,18:30,1.2,4.1,310,2025-10-18 18:30:00
819,Cruzeiro,Fortaleza,sáb.,21:00,1.2,4.1,310,2025-10-18 21:00:00
820,Ceará,Botafogo,19 de out.,16:00,1.84,1.88,319,2025-10-19 16:00:00
821,Flamengo,Palmeiras,19 de out.,16:00,1.37,2.88,328,2025-10-19 16:00:00
822,Mirassol,São Paulo,19 de out.,16:00,1.7,2.05,316,2025-10-19 16:00:00
823,Bahia,Grêmio,19 de out.,20:30,1.36,2.9,303,2025-10-19 20:30:00
824,Juventude,Bragantino,20 de out.,19:00,1.83,1.9,325,2025-10-20 19:00:00
825,Vasco,Fluminense,20 de out.,19:30,1.93,1.81,334,2025-10-20 19:30:00
826,Santos,Vitória,20 de out.,21:30,1.27,3.45,318,2025-10-20 21:30:00
827,Botafogo,Mirassol,qua.,19:30,2.75,3.4,362,2025-09-17 19:30:00
828,Vitória,Fluminense,sáb.,16:00,1.45,4.0,297,2025-09-20 16:00:00
829,Botafogo,Atlético-MG,sáb.,18:30,2.75,3.3,315,2025-09-20 18:30:00
830,Ceará,Bahia,sáb.,18:30,1.47,4.0,258,2025-09-20 18:30:00
831,Palmeiras,Fortaleza,sáb.,21:00,2.05,3.55,277,2025-09-20 21:00:00
832,Mirassol,Juventude,dom.,16:00,5.3,4.6,272,2025-09-21 16:00:00
833,Flamengo,Vasco,dom.,17:30,2.08,3.65,268,2025-09-21 17:30:00
834,Internacional,Grêmio,dom.,17:30,3.35,3.55,246,2025-09-21 17:30:00
835,Sport,Corinthians,dom.,17:30,1.45,4.0,239,2025-09-21 17:30:00
836,Cruzeiro,Bragantino,dom.,20:30,5.2,4.4,300,2025-09-21 20:30:00
837,Santos,São Paulo,dom.,20:30,1.38,4.4,272,2025-09-21 20:30:00
838,Fortaleza,Vitória,sáb.,16:00,1.37,2.88,282,2025-09-13 16:00:00
839,Grêmio,Mirassol,sáb.,16:00,1.58,2.23,272,2025-09-13 16:00:00
840,Palmeiras,Internacional,sáb.,18:30,1.22,3.9,257,2025-09-13 18:30:00
841,Fluminense,Corinthians,sáb.,21:00,1.4,2.75,315,2025-09-13 21:00:00
842,Bragantino,Sport,dom.,11:00,1.38,2.85,253,2025-09-14 11:00:00
843,Atlético-MG,Santos,dom.,16:00,1.37,2.9,305,2025-09-14 16:00:00
844,Juventude,Flamengo,dom.,16:00,5.2,1.13,280,2025-09-14 16:00:00
845,São Paulo,Botafogo,dom.,17:30,1.5,2.43,245,2025-09-14 17:30:00
846,Vasco,Ceará,dom.,20:30,1.33,3.05,290,2025-09-14 20:30:00
847,Bahia,Cruzeiro,15 de set.,20:00,1.6,2.23,314,2025-09-15 20:00:00
848,Botafogo,Mirassol,17 de set.,19:30,1.23,3.75,283,2025-09-17 19:30:00
849,Vitória,Fluminense,20 de set.,16:00,1.74,1.98,40,2025-09-20 16:00:00
850,Botafogo,Atlético-MG,20 de set.,18:30,1.17,4.4,40,2025-09-20 18:30:00
851,Ceará,Bahia,20 de set.,18:30,1.86,1.84,40,2025-09-20 18:30:00
852,Palmeiras,Fortaleza,20 de set.,21:00,1.05,8.0,39,2025-09-20 21:00:00
853,Mirassol,Juventude,21 de set.,16:00,1.18,4.3,40,2025-09-21 16:00:00
854,Flamengo,Vasco,21 de set.,17:30,1.16,4.6,40,2025-09-21 17:30:00
855,Internacional,Grêmio,21 de set.,17:30,1.35,2.95,40,2025-09-21 17:30:00
856,Sport,Corinthians,21 de set.,17:30,1.9,1.8,40,2025-09-21 17:30:00
857,Cruzeiro,Bragantino,21 de set.,20:30,1.15,4.7,40,2025-09-21 20:30:00
858,Santos,São Paulo,21 de set.,20:30,1.7,2.04,40,2025-09-21 20:30:00
859,Mirassol,Juventude,dom.,16:00,1.16,4.6,390,2025-09-21 16:00:00
860,Flamengo,Vasco,dom.,17:30,1.1,5.8,399,2025-09-21 17:30:00
861,Internacional,Grêmio,dom.,17:30,1.38,2.85,353,2025-09-21 17:30:00
862,Sport,Corinthians,dom.,17:30,1.95,1.78,353,2025-09-21 17:30:00
863,Cruzeiro,Bragantino,dom.,20:30,1.16,4.6,448,2025-09-21 20:30:00
864,Santos,São Paulo,dom.,20:30,1.53,2.38,409,2025-09-21 20:30:00
865,Grêmio,Botafogo,qua.,19:30,2.12,1.65,270,2025-09-24 19:30:00
866,Vasco,Bahia,qua.,19:30,1.68,2.08,283,2025-09-24 19:30:00
867,Fortaleza,Sport,27 de set.,16:00,1.3,3.25,260,2025-09-27 16:00:00
868,Juventude,Internacional,27 de set.,18:30,2.55,1.47,257,2025-09-27 18:30:00
869,Vasco,Cruzeiro,27 de set.,18:30,1.98,1.75,282,2025-09-27 18:30:00
870,Atlético-MG,Mirassol,27 de set.,21:00,1.43,2.65,305,2025-09-27 21:00:00
871,Grêmio,Vitória,28 de set.,11:00,1.25,3.6,275,2025-09-28 11:00:00
872,Bahia,Palmeiras,28 de set.,16:00,1.88,1.84,277,2025-09-28 16:00:00
873,Fluminense,Botafogo,28 de set.,16:00,1.66,2.1,300,2025-09-28 16:00:00
874,Bragantino,Santos,28 de set.,18:30,1.5,2.4,294,2025-09-28 18:30:00
875,Corinthians,Flamengo,28 de set.,20:30,2.7,1.42,277,2025-09-28 20:30:00
876,São Paulo,Ceará,29 de set.,20:00,1.2,4.1,296,2025-09-29 20:00:00
877,Fortaleza,Vitória,13 de set.,16:00,1.37,2.88,282,2025-09-13 16:00:00
878,Grêmio,Mirassol,13 de set.,16:00,1.58,2.23,272,2025-09-13 16:00:00
879,Palmeiras,Internacional,13 de set.,18:30,1.22,3.9,257,2025-09-13 18:30:00
880,Fluminense,Corinthians,13 de set.,21:00,1.4,2.75,315,2025-09-13 21:00:00
881,Bragantino,Sport,14 de set.,11:00,1.38,2.85,253,2025-09-14 11:00:00
882,Atlético-MG,Santos,14 de set.,16:00,1.35,2.95,309,2025-09-14 16:00:00
883,Juventude,Flamengo,14 de set.,16:00,5.2,1.13,280,2025-09-14 16:00:00
884,São Paulo,Botafogo,14 de set.,17:30,1.5,2.43,245,2025-09-14 17:30:00
885,Vasco,Ceará,14 de set.,20:30,1.33,3.05,290,2025-09-14 20:30:00
886,Bahia,Cruzeiro,15 de set.,20:00,1.6,2.23,314,2025-09-15 20:00:00
887,Vitória,Fluminense,20 de set.,16:00,1.74,1.98,40,2025-09-20 16:00:00
888,Botafogo,Atlético-MG,20 de set.,18:30,1.17,4.4,40,2025-09-20 18:30:00
889,Ceará,Bahia,20 de set.,18:30,1.86,1.84,40,2025-09-20 18:30:00
890,Palmeiras,Fortaleza,20 de set.,21:00,1.05,8.0,39,2025-09-20 21:00:00
891,Mirassol,Juventude,21 de set.,16:00,1.18,4.3,40,2025-09-21 16:00:00
892,Flamengo,Vasco,21 de set.,17:30,1.16,4.6,40,2025-09-21 17:30:00
893,Internacional,Grêmio,21 de set.,17:30,1.35,2.95,40,2025-09-21 17:30:00
894,Sport,Corinthians,21 de set.,17:30,1.9,1.8,40,2025-09-21 17:30:00
895,Cruzeiro,Bragantino,21 de set.,20:30,1.15,4.7,40,2025-09-21 20:30:00
896,Santos,São Paulo,21 de set.,20:30,1.7,2.04,40,2025-09-21 20:30:00
897,Fortaleza,Vitória,sáb.,16:00,1.37,2.88,282,2025-09-13 16:00:00
898,Grêmio,Mirassol,sáb.,16:00,1.58,2.25,254,2025-09-13 16:00:00
899,Palmeiras,Internacional,sáb.,18:30,1.22,3.9,255,2025-09-13 18:30:00
900,Fluminense,Corinthians,sáb.,21:00,1.42,2.7,310,2025-09-13 21:00:00
901,Bragantino,Sport,dom.,11:00,1.38,2.88,252,2025-09-14 11:00:00
902,Atlético-MG,Santos,dom.,16:00,1.36,2.95,305,2025-09-14 16:00:00
903,Juventude,Flamengo,dom.,16:00,5.3,1.12,280,2025-09-14 16:00:00
904,São Paulo,Botafogo,dom.,17:30,1.5,2.43,245,2025-09-14 17:30:00
905,Vasco,Ceará,dom.,20:30,1.33,3.05,287,2025-09-14 20:30:00
906,Bahia,Cruzeiro,seg.,20:00,1.6,2.23,280,2025-09-15 20:00:00
907,Botafogo,Mirassol,17 de set.,19:30,1.23,3.75,283,2025-09-17 19:30:00
908,Vitória,Fluminense,20 de set.,16:00,1.73,2.02,293,2025-09-20 16:00:00
909,Botafogo,Atlético-MG,20 de set.,18:30,1.2,4.1,308,2025-09-20 18:30:00
910,Ceará,Bahia,20 de set.,18:30,1.88,1.84,263,2025-09-20 18:30:00
911,Palmeiras,Fortaleza,20 de set.,21:00,1.09,6.25,267,2025-09-20 21:00:00
912,Mirassol,Juventude,21 de set.,16:00,1.21,4.0,262,2025-09-21 16:00:00
913,Flamengo,Vasco,21 de set.,17:30,1.18,4.4,271,2025-09-21 17:30:00
914,Internacional,Grêmio,21 de set.,17:30,1.37,2.9,259,2025-09-21 17:30:00
915,Sport,Corinthians,21 de set.,17:30,1.92,1.8,251,2025-09-21 17:30:00
916,Cruzeiro,Bragantino,21 de set.,20:30,1.19,4.2,293,2025-09-21 20:30:00
917,Santos,São Paulo,21 de set.,20:30,1.7,2.05,268,2025-09-21 20:30:00
918,Palmeiras,Juventude,sáb.,19:00,1.05,8.5,358,2025-10-11 19:00:00
919,Palmeiras,Bragantino,qua.,19:00,1.12,5.4,353,2025-10-15 19:00:00
920,Botafogo,Flamengo,qua.,19:30,2.8,1.38,316,2025-10-15 19:30:00
921,Mirassol,Internacional,qua.,20:00,1.54,2.35,300,2025-10-15 20:00:00
922,Sport,Ceará,qua.,20:00,1.63,2.17,306,2025-10-15 20:00:00
923,Atlético-MG,Cruzeiro,qua.,21:30,1.87,1.85,330,2025-10-15 21:30:00
924,Fortaleza,Vasco,qua.,21:30,1.61,2.2,299,2025-10-15 21:30:00
925,Santos,Corinthians,qua.,21:30,1.53,2.38,284,2025-10-15 21:30:00
926,Grêmio,São Paulo,16 de out.,19:00,1.87,1.88,291,2025-10-16 19:00:00
927,Fluminense,Juventude,16 de out.,21:30,1.14,5.0,363,2025-10-16 21:30:00
928,Vitória,Bahia,16 de out.,21:30,2.02,1.72,309,2025-10-16 21:30:00
929,Corinthians,Atlético-MG,18 de out.,18:30,1.44,2.63,331,2025-10-18 18:30:00
930,Internacional,Sport,18 de out.,18:30,1.2,4.1,310,2025-10-18 18:30:00
931,Cruzeiro,Fortaleza,18 de out.,21:00,1.19,4.2,316,2025-10-18 21:00:00
932,Ceará,Botafogo,19 de out.,16:00,1.94,1.79,320,2025-10-19 16:00:00
933,Flamengo,Palmeiras,19 de out.,16:00,1.36,2.95,324,2025-10-19 16:00:00
934,Mirassol,São Paulo,19 de out.,16:00,1.61,2.2,316,2025-10-19 16:00:00
935,Bahia,Grêmio,19 de out.,20:30,1.36,2.9,303,2025-10-19 20:30:00
936,Juventude,Bragantino,20 de out.,19:00,1.82,1.9,324,2025-10-20 19:00:00
937,Vasco,Fluminense,20 de out.,19:30,1.93,1.81,334,2025-10-20 19:30:00
938,Santos,Vitória,20 de out.,21:30,1.27,3.45,318,2025-10-20 21:30:00
939,Vitória,Fluminense,sáb.,16:00,1.63,2.18,426,2025-09-20 16:00:00
940,Botafogo,Atlético-MG,sáb.,18:30,1.23,3.8,431,2025-09-20 18:30:00
941,Ceará,Bahia,sáb.,18:30,1.81,1.91,355,2025-09-20 18:30:00
942,Palmeiras,Fortaleza,sáb.,21:00,1.11,5.75,398,2025-09-20 21:00:00
943,Mirassol,Juventude,dom.,16:00,1.16,4.6,391,2025-09-21 16:00:00
944,Flamengo,Vasco,dom.,17:30,1.11,5.8,389,2025-09-21 17:30:00
945,Internacional,Grêmio,dom.,17:30,1.32,3.15,345,2025-09-21 17:30:00
946,Sport,Corinthians,dom.,17:30,1.95,1.79,349,2025-09-21 17:30:00
947,Cruzeiro,Bragantino,dom.,20:30,1.16,4.6,427,2025-09-21 20:30:00
948,Santos,São Paulo,dom.,20:30,1.5,2.43,397,2025-09-21 20:30:00
949,Grêmio,Botafogo,qua.,19:30,2.15,1.64,270,2025-09-24 19:30:00
950,Vasco,Bahia,qua.,19:30,1.68,2.08,284,2025-09-24 19:30:00
951,Fortaleza,Sport,27 de set.,16:00,1.3,3.25,259,2025-09-27 16:00:00
952,Juventude,Internacional,27 de set.,18:30,2.55,1.47,257,2025-09-27 18:30:00
953,Vasco,Cruzeiro,27 de set.,18:30,1.98,1.75,282,2025-09-27 18:30:00
954,Atlético-MG,Mirassol,27 de set.,21:00,1.44,2.63,304,2025-09-27 21:00:00
955,Grêmio,Vitória,28 de set.,11:00,1.25,3.65,273,2025-09-28 11:00:00
956,Bahia,Palmeiras,28 de set.,16:00,1.88,1.84,279,2025-09-28 16:00:00
957,Fluminense,Botafogo,28 de set.,16:00,1.66,2.1,300,2025-09-28 16:00:00
958,Bragantino,Santos,28 de set.,18:30,1.53,2.38,288,2025-09-28 18:30:00
959,Corinthians,Flamengo,28 de set.,20:30,2.7,1.41,277,2025-09-28 20:30:00
960,São Paulo,Ceará,29 de set.,20:00,1.2,4.1,296,2025-09-29 20:00:00
961,Grêmio,Botafogo,qua.,19:30,2.07,1.68,250,2025-09-24 19:30:00
962,Vasco,Bahia,qua.,19:30,1.62,2.18,281,2025-09-24 19:30:00
963,Fortaleza,Sport,sáb.,16:00,1.28,3.35,258,2025-09-27 16:00:00
964,Juventude,Internacional,sáb.,18:30,2.55,1.47,243,2025-09-27 18:30:00
965,Vasco,Cruzeiro,sáb.,18:30,2.0,1.74,274,2025-09-27 18:30:00
966,Atlético-MG,Mirassol,sáb.,21:00,1.6,2.23,308,2025-09-27 21:00:00
967,Grêmio,Vitória,dom.,11:00,1.24,3.75,271,2025-09-28 11:00:00
968,Bahia,Palmeiras,dom.,16:00,1.88,1.84,277,2025-09-28 16:00:00
969,Fluminense,Botafogo,dom.,16:00,1.66,2.1,300,2025-09-28 16:00:00
970,Bragantino,Santos,dom.,18:30,1.54,2.33,291,2025-09-28 18:30:00
971,Corinthians,Flamengo,dom.,20:30,2.88,1.37,269,2025-09-28 20:30:00
972,São Paulo,Ceará,29 de set.,20:00,1.19,4.2,292,2025-09-29 20:00:00
973,Atlético-MG,Juventude,30 de set.,21:30,1.13,5.1,325,2025-09-30 21:30:00
974,Mirassol,Bragantino,1 de out.,19:00,1.49,2.48,284,2025-10-01 19:00:00
975,Palmeiras,Vasco,1 de out.,19:00,1.09,6.1,317,2025-10-01 19:00:00
976,Sport,Fluminense,1 de out.,19:00,1.98,1.76,283,2025-10-01 19:00:00
977,Internacional,Corinthians,1 de out.,19:30,1.5,2.43,266,2025-10-01 19:30:00
978,Botafogo,Bahia,1 de out.,21:30,1.4,2.75,283,2025-10-01 21:30:00
979,Santos,Grêmio,1 de out.,21:30,1.52,2.4,277,2025-10-01 21:30:00
980,Vitória,Ceará,2 de out.,19:00,1.62,2.18,284,2025-10-02 19:00:00
981,Fortaleza,São Paulo,2 de out.,19:30,1.88,1.85,291,2025-10-02 19:30:00
982,Flamengo,Cruzeiro,2 de out.,20:30,1.26,3.55,303,2025-10-02 20:30:00
983,São Paulo,Ceará,seg.,20:00,1.13,7.0,409,2025-09-29 20:00:00
984,Atlético-MG,Juventude,ter.,21:30,2.48,3.35,299,2025-09-30 21:30:00
985,Mirassol,Bragantino,qua.,19:00,3.55,3.65,285,2025-10-01 19:00:00
986,Palmeiras,Vasco,qua.,19:00,1.06,10.0,316,2025-10-01 19:00:00
987,Sport,Fluminense,qua.,19:00,16.0,8.5,275,2025-10-01 19:00:00
988,Internacional,Corinthians,qua.,19:30,1.3,4.8,264,2025-10-01 19:30:00
989,Botafogo,Bahia,qua.,21:30,1.21,5.5,276,2025-10-01 21:30:00
990,Santos,Grêmio,qua.,21:30,1.26,5.0,266,2025-10-01 21:30:00
991,Vitória,Ceará,qui.,19:00,1.33,4.5,282,2025-10-02 19:00:00
992,Fortaleza,São Paulo,qui.,19:30,1.12,7.5,283,2025-10-02 19:30:00
993,Flamengo,Cruzeiro,qui.,20:30,1.16,6.25,303,2025-10-02 20:30:00
994,Corinthians,Atlético-MG,sáb.,18:30,3.8,3.45,414,2025-10-18 18:30:00
995,Internacional,Sport,sáb.,18:30,2.7,3.35,358,2025-10-18 18:30:00
996,Cruzeiro,Fortaleza,sáb.,21:00,8.5,6.25,349,2025-10-18 21:00:00
997,Ceará,Botafogo,dom.,16:00,1.44,4.1,313,2025-10-19 16:00:00
998,Flamengo,Palmeiras,dom.,16:00,8.5,5.5,324,2025-10-19 16:00:00
999,Mirassol,São Paulo,dom.,16:00,1.37,4.4,309,2025-10-19 16:00:00
1000,Bahia,Grêmio,dom.,20:30,3.15,3.5,302,2025-10-19 20:30:00
1001,Juventude,Bragantino,seg.,19:00,13.0,7.5,318,2025-10-20 19:00:00
1002,Vasco,Fluminense,seg.,19:30,13.0,7.5,333,2025-10-20 19:30:00
1003,Santos,Vitória,seg.,21:30,5.8,4.6,291,2025-10-20 21:30:00
1004,Fortaleza,Vitória,13 de set.,16:00,1.37,2.88,318,2025-09-13 16:00:00
1005,Grêmio,Mirassol,13 de set.,16:00,1.58,2.23,272,2025-09-13 16:00:00
1006,Palmeiras,Internacional,13 de set.,18:30,1.22,3.9,257,2025-09-13 18:30:00
1007,Fluminense,Corinthians,13 de set.,21:00,1.4,2.75,315,2025-09-13 21:00:00
1008,Bragantino,Sport,14 de set.,11:00,1.38,2.85,283,2025-09-14 11:00:00
1009,Atlético-MG,Santos,14 de set.,16:00,1.36,2.9,345,2025-09-14 16:00:00
1010,Juventude,Flamengo,14 de set.,16:00,5.2,1.13,280,2025-09-14 16:00:00
1011,São Paulo,Botafogo,14 de set.,17:30,1.5,2.43,279,2025-09-14 17:30:00
1012,Vasco,Ceará,14 de set.,20:30,1.33,3.05,290,2025-09-14 20:30:00
1013,Bahia,Cruzeiro,15 de set.,20:00,1.6,2.23,314,2025-09-15 20:00:00
1014,Vitória,Fluminense,20 de set.,16:00,1.74,1.98,40,2025-09-20 16:00:00
1015,Botafogo,Atlético-MG,20 de set.,18:30,1.17,4.4,40,2025-09-20 18:30:00
1016,Ceará,Bahia,20 de set.,18:30,1.86,1.84,40,2025-09-20 18:30:00
1017,Palmeiras,Fortaleza,20 de set.,21:00,1.05,8.0,39,2025-09-20 21:00:00
1018,Mirassol,Juventude,21 de set.,16:00,1.18,4.3,40,2025-09-21 16:00:00
1019,Flamengo,Vasco,21 de set.,17:30,1.16,4.6,40,2025-09-21 17:30:00
1020,Internacional,Grêmio,21 de set.,17:30,1.35,2.95,40,2025-09-21 17:30:00
1021,Sport,Corinthians,21 de set.,17:30,1.9,1.8,40,2025-09-21 17:30:00
1022,Cruzeiro,Bragantino,21 de set.,20:30,1.15,4.7,40,2025-09-21 20:30:00
1023,Santos,São Paulo,21 de set.,20:30,1.7,2.04,40,2025-09-21 20:30:00
1024,Palmeiras,Bragantino,qua.,19:00,1.1,6.0,474,2025-10-15 19:00:00
1025,Botafogo,Flamengo,qua.,19:30,2.75,1.4,447,2025-10-15 19:30:00
1026,Mirassol,Internacional,qua.,20:00,1.49,2.48,427,2025-10-15 20:00:00
1027,Sport,Ceará,qua.,20:00,1.64,2.15,435,2025-10-15 20:00:00
1028,Atlético-MG,Cruzeiro,qua.,21:30,2.02,1.72,478,2025-10-15 21:30:00
1029,Fortaleza,Vasco,qua.,21:30,1.57,2.28,434,2025-10-15 21:30:00
1030,Santos,Corinthians,qua.,21:30,1.53,2.38,403,2025-10-15 21:30:00
1031,Grêmio,São Paulo,qui.,19:00,1.95,1.78,375,2025-10-16 19:00:00
1032,Fluminense,Juventude,qui.,21:30,1.1,6.0,453,2025-10-16 21:30:00
1033,Vitória,Bahia,qui.,21:30,2.0,1.72,387,2025-10-16 21:30:00
1034,Corinthians,Atlético-MG,sáb.,18:30,1.44,2.63,319,2025-10-18 18:30:00
1035,Internacional,Sport,sáb.,18:30,1.2,4.1,309,2025-10-18 18:30:00
1036,Cruzeiro,Fortaleza,sáb.,21:00,1.19,4.2,307,2025-10-18 21:00:00
1037,Ceará,Botafogo,dom.,16:00,1.85,1.87,312,2025-10-19 16:00:00
1038,Flamengo,Palmeiras,dom.,16:00,1.37,2.9,328,2025-10-19 16:00:00
1039,Mirassol,São Paulo,dom.,16:00,1.7,2.05,316,2025-10-19 16:00:00
1040,Bahia,Grêmio,dom.,20:30,1.36,2.9,303,2025-10-19 20:30:00
1041,Juventude,Bragantino,seg.,19:00,1.79,1.94,320,2025-10-20 19:00:00
1042,Vasco,Fluminense,seg.,19:30,1.94,1.79,336,2025-10-20 19:30:00
1043,Santos,Vitória,seg.,21:30,1.27,3.5,316,2025-10-20 21:30:00
1044,Fluminense,Mirassol,qui.,19:30,1.35,3.0,467,2025-11-06 19:30:00
1045,Ceará,Fortaleza,qui.,20:00,1.58,2.23,427,2025-11-06 20:00:00
1046,Palmeiras,Santos,qui.,21:30,1.13,5.3,492,2025-11-06 21:30:00
1047,Sport,Atlético-MG,sáb.,16:00,1.98,1.75,364,2025-11-08 16:00:00
1048,Vasco,Juventude,sáb.,18:00,1.11,5.5,357,2025-11-08 18:00:00
1049,Internacional,Bahia,sáb.,18:30,1.55,2.33,320,2025-11-08 18:30:00
1050,São Paulo,Bragantino,sáb.,21:00,1.26,3.55,342,2025-11-08 21:00:00
1051,Corinthians,Ceará,dom.,16:00,1.22,3.85,342,2025-11-09 16:00:00
1052,Cruzeiro,Fluminense,dom.,16:00,1.36,2.95,323,2025-11-09 16:00:00
1053,Vitória,Botafogo,dom.,16:00,2.12,1.66,320,2025-11-09 16:00:00
1054,Flamengo,Santos,dom.,18:30,1.08,6.5,333,2025-11-09 18:30:00
1055,Fortaleza,Grêmio,dom.,20:30,1.48,2.5,334,2025-11-09 20:30:00
1056,Mirassol,Palmeiras,dom.,20:30,2.43,1.5,343,2025-11-09 20:30:00
1057,Grêmio,Botafogo,qua.,19:30,2.02,1.73,350,2025-09-24 19:30:00
1058,Vasco,Bahia,qua.,19:30,1.61,2.2,388,2025-09-24 19:30:00
1059,Fortaleza,Sport,sáb.,16:00,1.29,3.35,263,2025-09-27 16:00:00
1060,Juventude,Internacional,sáb.,18:30,2.55,1.46,244,2025-09-27 18:30:00
1061,Vasco,Cruzeiro,sáb.,18:30,1.98,1.75,277,2025-09-27 18:30:00
1062,Atlético-MG,Mirassol,sáb.,21:00,1.6,2.23,317,2025-09-27 21:00:00
1063,Grêmio,Vitória,dom.,11:00,1.24,3.7,274,2025-09-28 11:00:00
1064,Bahia,Palmeiras,dom.,16:00,1.95,1.78,274,2025-09-28 16:00:00
1065,Fluminense,Botafogo,dom.,16:00,1.68,2.07,303,2025-09-28 16:00:00
1066,Bragantino,Santos,dom.,18:30,1.54,2.33,293,2025-09-28 18:30:00
1067,Corinthians,Flamengo,dom.,20:30,2.9,1.36,271,2025-09-28 20:30:00
1068,São Paulo,Ceará,seg.,20:00,1.19,4.2,294,2025-09-29 20:00:00
1069,Atlético-MG,Juventude,30 de set.,21:30,1.13,5.1,325,2025-09-30 21:30:00
1070,Mirassol,Bragantino,1 de out.,19:00,1.49,2.48,284,2025-10-01 19:00:00
1071,Palmeiras,Vasco,1 de out.,19:00,1.09,6.1,317,2025-10-01 19:00:00
1072,Sport,Fluminense,1 de out.,19:00,1.98,1.75,283,2025-10-01 19:00:00
1073,Internacional,Corinthians,1 de out.,19:30,1.5,2.43,266,2025-10-01 19:30:00
1074,Botafogo,Bahia,1 de out.,21:30,1.4,2.75,281,2025-10-01 21:30:00
1075,Santos,Grêmio,1 de out.,21:30,1.52,2.4,277,2025-10-01 21:30:00
1076,Vitória,Ceará,2 de out.,19:00,1.62,2.18,284,2025-10-02 19:00:00
1077,Fortaleza,São Paulo,2 de out.,19:30,1.88,1.85,291,2025-10-02 19:30:00
1078,Flamengo,Cruzeiro,2 de out.,20:30,1.26,3.55,303,2025-10-02 20:30:00
