id_odd,time_casa,time_fora,dia_jogo,hora_jogo,mult_vitoria_time_1,mult_empate,mult_vitoria_time_2,data_jogo,num_apostas
1,Flamengo,Grêmio,dom.,16:00,1.25,5.75,11.5,2025-08-31 16:00:00,
2,Santos,Fluminense,dom.,16:00,2.35,3.25,3.0,2025-08-31 16:00:00,
3,Corinthians,Palmeiras,dom.,18:30,3.1,3.1,2.38,2025-08-31 18:30:00,
4,Mirassol,Bahia,dom.,18:30,2.16,3.35,3.3,2025-08-31 18:30:00,
5,Vitória,Atlético-MG,dom.,18:30,2.85,3.05,2.6,2025-08-31 18:30:00,
6,Internacional,Fortaleza,dom.,20:30,1.61,3.9,5.3,2025-08-31 20:30:00,
7,Sport,Vasco,dom.,20:30,2.4,3.25,2.9,2025-08-31 20:30:00,
8,Fortaleza,Vitória,13 de set.,16:00,2.14,3.1,3.55,2025-09-13 16:00:00,
9,Grêmio,Mirassol,13 de set.,16:00,2.14,3.1,3.55,2025-09-13 16:00:00,
10,Palmeiras,Internacional,13 de set.,18:30,1.58,3.65,6.0,2025-09-13 18:30:00,
11,Fluminense,Corinthians,13 de set.,21:00,2.05,3.25,3.6,2025-09-13 21:00:00,
12,Bragantino,Sport,14 de set.,11:00,1.67,3.5,5.4,2025-09-14 11:00:00,
13,Atlético-MG,Santos,14 de set.,16:00,1.68,3.7,4.7,2025-09-14 16:00:00,
14,Juventude,Flamengo,14 de set.,16:00,6.0,3.9,1.54,2025-09-14 16:00:00,
15,São Paulo,Botafogo,14 de set.,17:30,2.43,3.15,2.88,2025-09-14 17:30:00,
16,Vasco,Ceará,14 de set.,20:30,2.2,3.1,3.4,2025-09-14 20:30:00,
17,Ceará,Juventude,sáb.,16:00,1.56,3.9,6.0,2025-08-30 16:00:00,
18,Botafogo,Bragantino,sáb.,18:30,1.56,3.9,6.0,2025-08-30 18:30:00,
19,Cruzeiro,São Paulo,sáb.,21:00,1.84,3.4,4.4,2025-08-30 21:00:00,
20,Flamengo,Grêmio,dom.,16:00,1.24,5.75,12.0,2025-08-31 16:00:00,
21,Santos,Fluminense,dom.,16:00,2.32,3.25,3.05,2025-08-31 16:00:00,
22,Corinthians,Palmeiras,dom.,18:30,3.0,3.15,2.4,2025-08-31 18:30:00,
23,Mirassol,Bahia,dom.,18:30,2.33,3.35,2.95,2025-08-31 18:30:00,
24,Vitória,Atlético-MG,dom.,18:30,2.75,3.1,2.63,2025-08-31 18:30:00,
25,Internacional,Fortaleza,dom.,20:30,1.61,3.95,5.2,2025-08-31 20:30:00,
26,Sport,Vasco,dom.,20:30,2.43,3.2,2.9,2025-08-31 20:30:00,
27,Fortaleza,Vitória,13 de set.,16:00,2.14,3.1,3.55,2025-09-13 16:00:00,
28,Grêmio,Mirassol,13 de set.,16:00,2.14,3.1,3.55,2025-09-13 16:00:00,
29,Palmeiras,Internacional,13 de set.,18:30,1.58,3.65,6.0,2025-09-13 18:30:00,
30,Fluminense,Corinthians,13 de set.,21:00,2.05,3.25,3.6,2025-09-13 21:00:00,
31,Bragantino,Sport,14 de set.,11:00,1.67,3.5,5.4,2025-09-14 11:00:00,
32,Atlético-MG,Santos,14 de set.,16:00,1.68,3.7,4.7,2025-09-14 16:00:00,
33,Juventude,Flamengo,14 de set.,16:00,6.0,3.9,1.54,2025-09-14 16:00:00,
34,São Paulo,Botafogo,14 de set.,17:30,2.43,3.15,2.88,2025-09-14 17:30:00,
35,Vasco,Ceará,14 de set.,20:30,2.2,3.1,3.4,2025-09-14 20:30:00,
36,Fortaleza,Sport,sáb.,16:00,1.79,3.55,4.4,2025-09-27 16:00:00,373.0
37,Juventude,Internacional,sáb.,18:30,3.8,3.3,2.02,2025-09-27 18:30:00,336.0
38,Vasco,Cruzeiro,sáb.,18:30,3.05,3.3,2.3,2025-09-27 18:30:00,395.0
39,Atlético-MG,Mirassol,sáb.,21:00,2.23,3.25,3.25,2025-09-27 21:00:00,468.0
40,Grêmio,Vitória,dom.,11:00,1.75,3.5,4.8,2025-09-28 11:00:00,409.0
41,Bahia,Palmeiras,dom.,16:00,3.45,3.35,2.1,2025-09-28 16:00:00,411.0
42,Fluminense,Botafogo,dom.,16:00,2.38,3.15,3.05,2025-09-28 16:00:00,425.0
43,Bragantino,Santos,dom.,18:30,2.25,3.25,3.2,2025-09-28 18:30:00,435.0
44,Corinthians,Flamengo,dom.,20:30,4.5,3.35,1.84,2025-09-28 20:30:00,404.0
45,São Paulo,Ceará,seg.,20:00,1.57,3.7,6.4,2025-09-29 20:00:00,421.0
46,Atlético-MG,Juventude,ter.,21:30,1.4,4.5,7.5,2025-09-30 21:30:00,327.0
47,Mirassol,Bragantino,qua.,19:00,2.05,3.4,3.55,2025-10-01 19:00:00,284.0
48,Palmeiras,Vasco,qua.,19:00,1.33,4.8,9.5,2025-10-01 19:00:00,316.0
49,Sport,Fluminense,qua.,19:00,2.9,3.1,2.55,2025-10-01 19:00:00,283.0
50,Internacional,Corinthians,qua.,19:30,2.1,3.3,3.5,2025-10-01 19:30:00,266.0
51,Botafogo,Bahia,qua.,21:30,1.94,3.35,4.0,2025-10-01 21:30:00,279.0
52,Santos,Grêmio,qua.,21:30,2.05,3.25,3.75,2025-10-01 21:30:00,270.0
53,Vitória,Ceará,qui.,19:00,2.32,3.15,3.2,2025-10-02 19:00:00,284.0
54,Fortaleza,São Paulo,qui.,19:30,2.7,3.25,2.63,2025-10-02 19:30:00,291.0
55,Flamengo,Cruzeiro,qui.,20:30,1.68,3.65,5.2,2025-10-02 20:30:00,305.0
56,Vitória,Ceará,qui.,19:00,2.3,3.1,3.25,2025-10-02 19:00:00,416.0
57,Fortaleza,São Paulo,qui.,19:30,2.7,3.2,2.6,2025-10-02 19:30:00,405.0
58,Flamengo,Cruzeiro,qui.,20:30,1.6,3.8,5.8,2025-10-02 20:30:00,435.0
59,Bragantino,Grêmio,sáb.,18:30,2.14,3.35,3.35,2025-10-04 18:30:00,275.0
60,Fluminense,Atlético-MG,sáb.,18:30,1.93,3.3,4.1,2025-10-04 18:30:00,324.0
61,Internacional,Botafogo,sáb.,18:30,2.55,3.2,2.75,2025-10-04 18:30:00,289.0
62,Corinthians,Mirassol,sáb.,21:00,2.12,3.25,3.55,2025-10-04 21:00:00,268.0
63,São Paulo,Palmeiras,dom.,16:00,3.0,3.1,2.45,2025-10-05 16:00:00,304.0
64,Vasco,Vitória,dom.,16:00,1.66,3.75,5.1,2025-10-05 16:00:00,290.0
65,Bahia,Flamengo,dom.,18:30,5.0,3.65,1.68,2025-10-05 18:30:00,305.0
66,Juventude,Fortaleza,dom.,18:30,2.33,3.2,3.1,2025-10-05 18:30:00,272.0
67,Ceará,Santos,dom.,20:30,2.23,3.1,3.4,2025-10-05 20:30:00,271.0
68,Cruzeiro,Sport,dom.,20:30,1.32,5.1,9.5,2025-10-05 20:30:00,294.0
69,Atlético-MG,Sport,qua.,19:00,1.64,3.6,5.75,2025-10-08 19:00:00,350.0
70,Mirassol,Fluminense,qua.,21:00,2.25,3.2,3.25,2025-10-08 21:00:00,318.0
71,Palmeiras,Juventude,sáb.,19:00,1.17,6.75,17.0,2025-10-11 19:00:00,349.0
72,Palmeiras,Bragantino,15 de out.,19:00,1.41,4.5,7.5,2025-10-15 19:00:00,353.0
73,Botafogo,Flamengo,15 de out.,19:30,3.6,3.3,2.08,2025-10-15 19:30:00,326.0
74,Mirassol,Internacional,15 de out.,20:00,2.12,3.3,3.45,2025-10-15 20:00:00,303.0
75,Sport,Ceará,15 de out.,20:00,2.32,3.2,3.15,2025-10-15 20:00:00,324.0
76,Atlético-MG,Cruzeiro,15 de out.,21:30,2.75,3.05,2.7,2025-10-15 21:30:00,337.0
77,Fortaleza,Vasco,15 de out.,21:30,2.33,3.1,3.2,2025-10-15 21:30:00,306.0
78,Santos,Corinthians,15 de out.,21:30,2.2,3.1,3.5,2025-10-15 21:30:00,291.0
79,Grêmio,São Paulo,16 de out.,19:00,2.35,3.2,3.05,2025-10-16 19:00:00,298.0
80,Fluminense,Juventude,16 de out.,21:30,1.45,4.2,7.5,2025-10-16 21:30:00,363.0
81,Vitória,Bahia,16 de out.,21:30,2.9,3.15,2.48,2025-10-16 21:30:00,336.0
82,Fortaleza,Vitória,13 de set.,16:00,2.14,3.1,3.55,2025-09-13 16:00:00,
83,Grêmio,Mirassol,13 de set.,16:00,2.2,3.15,3.35,2025-09-13 16:00:00,
84,Palmeiras,Internacional,13 de set.,18:30,1.58,3.65,6.0,2025-09-13 18:30:00,
85,Fluminense,Corinthians,13 de set.,21:00,2.05,3.25,3.6,2025-09-13 21:00:00,
86,Bragantino,Sport,14 de set.,11:00,1.73,3.45,4.9,2025-09-14 11:00:00,
87,Atlético-MG,Santos,14 de set.,16:00,1.68,3.7,4.7,2025-09-14 16:00:00,
88,Juventude,Flamengo,14 de set.,16:00,6.0,3.9,1.54,2025-09-14 16:00:00,
89,São Paulo,Botafogo,14 de set.,17:30,2.43,3.15,2.88,2025-09-14 17:30:00,
90,Vasco,Ceará,14 de set.,20:30,2.2,3.1,3.4,2025-09-14 20:30:00,
91,Bragantino,Grêmio,sáb.,18:30,2.1,3.5,3.3,2025-10-04 18:30:00,345.0
92,Fluminense,Atlético-MG,sáb.,18:30,1.9,3.35,4.25,2025-10-04 18:30:00,421.0
93,Internacional,Botafogo,sáb.,18:30,2.45,3.2,2.88,2025-10-04 18:30:00,360.0
94,Corinthians,Mirassol,sáb.,21:00,2.02,3.3,3.8,2025-10-04 21:00:00,267.0
95,São Paulo,Palmeiras,dom.,16:00,3.15,3.1,2.35,2025-10-05 16:00:00,303.0
96,Vasco,Vitória,dom.,16:00,1.66,3.75,5.1,2025-10-05 16:00:00,293.0
97,Bahia,Flamengo,dom.,18:30,5.1,3.75,1.67,2025-10-05 18:30:00,295.0
98,Juventude,Fortaleza,dom.,18:30,2.55,3.2,2.8,2025-10-05 18:30:00,272.0
99,Ceará,Santos,dom.,20:30,2.25,3.1,3.4,2025-10-05 20:30:00,269.0
100,Cruzeiro,Sport,dom.,20:30,1.37,4.75,8.0,2025-10-05 20:30:00,278.0
101,Bragantino,Corinthians,qua.,19:00,2.45,3.15,2.95,2025-11-05 19:00:00,434.0
102,Sport,Juventude,qua.,19:00,1.73,3.65,4.7,2025-11-05 19:00:00,416.0
103,Vitória,Internacional,qua.,19:00,2.38,3.25,3.0,2025-11-05 19:00:00,376.0
104,Botafogo,Vasco,qua.,19:30,1.84,3.6,4.1,2025-11-05 19:30:00,392.0
105,Atlético-MG,Bahia,qua.,20:00,2.15,3.3,3.35,2025-11-05 20:00:00,450.0
106,Grêmio,Cruzeiro,qua.,20:00,3.1,3.25,2.3,2025-11-05 20:00:00,389.0
107,São Paulo,Flamengo,qua.,21:30,4.1,3.25,1.97,2025-11-05 21:30:00,359.0
108,Fluminense,Mirassol,qui.,19:30,1.85,3.35,4.5,2025-11-06 19:30:00,338.0
109,Ceará,Fortaleza,qui.,20:00,2.28,3.2,3.2,2025-11-06 20:00:00,306.0
110,Palmeiras,Santos,qui.,21:30,1.38,4.5,8.5,2025-11-06 21:30:00,351.0
111,Sport,Atlético-MG,sáb.,16:00,2.8,3.15,2.6,2025-11-08 16:00:00,364.0
112,Vasco,Juventude,sáb.,18:00,1.38,4.6,8.0,2025-11-08 18:00:00,357.0
113,Internacional,Bahia,sáb.,18:30,2.18,3.25,3.35,2025-11-08 18:30:00,326.0
114,São Paulo,Bragantino,sáb.,21:00,1.72,3.4,5.25,2025-11-08 21:00:00,339.0
115,Corinthians,Ceará,dom.,16:00,1.66,3.45,5.75,2025-11-09 16:00:00,342.0
116,Cruzeiro,Fluminense,dom.,16:00,1.89,3.25,4.4,2025-11-09 16:00:00,324.0
117,Vitória,Botafogo,dom.,16:00,3.1,3.2,2.33,2025-11-09 16:00:00,314.0
118,Flamengo,Santos,dom.,18:30,1.32,5.0,10.0,2025-11-09 18:30:00,329.0
119,Fortaleza,Grêmio,dom.,20:30,2.08,3.2,3.65,2025-11-09 20:30:00,341.0
120,Mirassol,Palmeiras,dom.,20:30,3.55,3.2,2.14,2025-11-09 20:30:00,343.0
121,Atlético-MG,Ceará,sáb.,16:00,1.8,3.35,4.75,2025-10-25 16:00:00,481.0
122,Vitória,Corinthians,sáb.,16:00,2.55,3.05,2.88,2025-10-25 16:00:00,453.0
123,Fluminense,Internacional,sáb.,17:30,1.77,3.5,4.7,2025-10-25 17:30:00,450.0
124,Sport,Mirassol,sáb.,18:30,2.8,3.35,2.48,2025-10-25 18:30:00,444.0
125,Fortaleza,Flamengo,sáb.,19:30,5.3,3.8,1.63,2025-10-25 19:30:00,403.0
126,São Paulo,Bahia,sáb.,21:30,1.91,3.35,4.1,2025-10-25 21:30:00,441.0
127,Botafogo,Santos,dom.,16:00,1.73,3.7,4.6,2025-10-26 16:00:00,438.0
128,Grêmio,Juventude,dom.,16:00,1.67,3.6,5.3,2025-10-26 16:00:00,459.0
129,Bragantino,Vasco,dom.,18:30,2.1,3.65,3.2,2025-10-26 18:30:00,454.0
130,Palmeiras,Cruzeiro,dom.,20:30,1.8,3.55,4.4,2025-10-26 20:30:00,473.0
131,Fluminense,Ceará,qua.,19:00,1.68,3.5,5.6,2025-10-29 19:00:00,342.0
132,Cruzeiro,Vitória,1 de nov.,16:00,1.44,4.2,7.5,2025-11-01 16:00:00,319.0
133,Santos,Fortaleza,1 de nov.,16:00,1.78,3.6,4.5,2025-11-01 16:00:00,308.0
134,Mirassol,Botafogo,1 de nov.,18:00,2.25,3.15,3.35,2025-11-01 18:00:00,305.0
135,Flamengo,Sport,1 de nov.,21:00,1.17,6.75,18.0,2025-11-01 21:00:00,325.0
136,Bahia,Bragantino,2 de nov.,16:00,1.7,3.75,4.8,2025-11-02 16:00:00,326.0
137,Ceará,Fluminense,2 de nov.,16:00,2.65,3.05,2.8,2025-11-02 16:00:00,347.0
138,Corinthians,Grêmio,2 de nov.,16:00,1.85,3.25,4.6,2025-11-02 16:00:00,330.0
139,Internacional,Atlético-MG,2 de nov.,18:30,1.91,3.3,4.25,2025-11-02 18:30:00,322.0
140,Juventude,Palmeiras,2 de nov.,18:30,8.0,4.5,1.4,2025-11-02 18:30:00,360.0
141,Vasco,São Paulo,2 de nov.,20:30,2.15,3.25,3.4,2025-11-02 20:30:00,322.0
142,Atlético-MG,Ceará,sáb.,16:00,1.91,3.2,4.35,2025-10-25 16:00:00,428.0
143,Vitória,Corinthians,sáb.,16:00,2.8,3.15,2.55,2025-10-25 16:00:00,413.0
144,Fluminense,Internacional,sáb.,17:30,1.92,3.45,3.95,2025-10-25 17:30:00,427.0
145,Sport,Mirassol,sáb.,18:30,2.75,3.25,2.5,2025-10-25 18:30:00,394.0
146,Fortaleza,Flamengo,sáb.,19:30,5.2,3.65,1.67,2025-10-25 19:30:00,372.0
147,São Paulo,Bahia,sáb.,21:30,1.88,3.45,4.1,2025-10-25 21:30:00,414.0
148,Botafogo,Santos,dom.,16:00,1.74,3.7,4.6,2025-10-26 16:00:00,309.0
149,Grêmio,Juventude,dom.,16:00,1.6,3.8,5.6,2025-10-26 16:00:00,346.0
150,Bragantino,Vasco,dom.,18:30,2.28,3.55,2.9,2025-10-26 18:30:00,330.0
151,Palmeiras,Cruzeiro,dom.,20:30,1.8,3.6,4.3,2025-10-26 20:30:00,345.0
152,Fluminense,Ceará,qua.,19:00,1.6,3.6,6.25,2025-10-29 19:00:00,343.0
153,Cruzeiro,Vitória,1 de nov.,16:00,1.47,4.0,7.5,2025-11-01 16:00:00,319.0
154,Santos,Fortaleza,1 de nov.,16:00,1.78,3.6,4.5,2025-11-01 16:00:00,308.0
155,Mirassol,Botafogo,1 de nov.,18:00,2.25,3.15,3.3,2025-11-01 18:00:00,307.0
156,Flamengo,Sport,1 de nov.,21:00,1.17,6.5,17.0,2025-11-01 21:00:00,336.0
157,Bahia,Bragantino,2 de nov.,16:00,1.71,3.75,4.8,2025-11-02 16:00:00,332.0
158,Ceará,Fluminense,2 de nov.,16:00,2.7,3.05,2.75,2025-11-02 16:00:00,346.0
159,Corinthians,Grêmio,2 de nov.,16:00,1.84,3.25,4.7,2025-11-02 16:00:00,333.0
160,Internacional,Atlético-MG,2 de nov.,18:30,1.91,3.25,4.3,2025-11-02 18:30:00,320.0
161,Juventude,Palmeiras,2 de nov.,18:30,8.0,4.5,1.4,2025-11-02 18:30:00,360.0
162,Vasco,São Paulo,2 de nov.,20:30,2.15,3.25,3.4,2025-11-02 20:30:00,322.0
163,Fortaleza,Vitória,sáb.,16:00,1.85,3.45,4.3,2025-09-13 16:00:00,353.0
164,Grêmio,Mirassol,sáb.,16:00,2.23,3.25,3.25,2025-09-13 16:00:00,321.0
165,Palmeiras,Internacional,sáb.,18:30,1.6,3.7,6.0,2025-09-13 18:30:00,316.0
166,Fluminense,Corinthians,sáb.,21:00,2.04,3.05,4.1,2025-09-13 21:00:00,291.0
167,Bragantino,Sport,dom.,11:00,1.89,3.4,4.2,2025-09-14 11:00:00,255.0
168,Atlético-MG,Santos,dom.,16:00,1.84,3.45,4.25,2025-09-14 16:00:00,311.0
169,Juventude,Flamengo,dom.,16:00,8.0,4.35,1.41,2025-09-14 16:00:00,283.0
170,São Paulo,Botafogo,dom.,17:30,2.18,3.0,3.65,2025-09-14 17:30:00,248.0
171,Vasco,Ceará,dom.,20:30,1.84,3.35,4.5,2025-09-14 20:30:00,290.0
172,Bahia,Cruzeiro,seg.,20:00,2.3,3.05,3.3,2025-09-15 20:00:00,282.0
173,Botafogo,Mirassol,qua.,19:30,1.62,3.8,5.5,2025-09-17 19:30:00,287.0
174,Vitória,Fluminense,20 de set.,16:00,2.5,3.1,2.95,2025-09-20 16:00:00,298.0
175,Botafogo,Atlético-MG,20 de set.,18:30,1.61,3.6,6.1,2025-09-20 18:30:00,315.0
176,Ceará,Bahia,20 de set.,18:30,2.75,3.1,2.65,2025-09-20 18:30:00,261.0
177,Palmeiras,Fortaleza,20 de set.,21:00,1.38,4.4,9.0,2025-09-20 21:00:00,275.0
178,Mirassol,Juventude,21 de set.,16:00,1.6,3.7,6.0,2025-09-21 16:00:00,269.0
179,Flamengo,Vasco,21 de set.,17:30,1.52,3.95,6.5,2025-09-21 17:30:00,277.0
180,Internacional,Grêmio,21 de set.,17:30,1.96,3.15,4.25,2025-09-21 17:30:00,263.0
181,Sport,Corinthians,21 de set.,17:30,2.8,3.05,2.65,2025-09-21 17:30:00,257.0
182,Cruzeiro,Bragantino,21 de set.,20:30,1.53,4.0,6.1,2025-09-21 20:30:00,298.0
183,Santos,São Paulo,21 de set.,20:30,2.5,2.95,3.05,2025-09-21 20:30:00,274.0
184,Grêmio,Botafogo,qua.,19:30,3.0,3.2,2.4,2025-09-24 19:30:00,250.0
185,Vasco,Bahia,qua.,19:30,2.23,3.45,3.1,2025-09-24 19:30:00,281.0
186,Fortaleza,Sport,sáb.,16:00,1.72,3.6,4.9,2025-09-27 16:00:00,258.0
187,Juventude,Internacional,sáb.,18:30,3.7,3.3,2.06,2025-09-27 18:30:00,243.0
188,Vasco,Cruzeiro,sáb.,18:30,2.85,3.2,2.48,2025-09-27 18:30:00,274.0
189,Atlético-MG,Mirassol,sáb.,21:00,2.25,3.25,3.2,2025-09-27 21:00:00,307.0
190,Grêmio,Vitória,28 de set.,11:00,1.65,3.6,5.5,2025-09-28 11:00:00,271.0
191,Bahia,Palmeiras,28 de set.,16:00,2.7,3.2,2.63,2025-09-28 16:00:00,277.0
192,Fluminense,Botafogo,28 de set.,16:00,2.35,3.2,3.05,2025-09-28 16:00:00,300.0
193,Bragantino,Santos,28 de set.,18:30,2.15,3.35,3.35,2025-09-28 18:30:00,291.0
194,Corinthians,Flamengo,28 de set.,20:30,4.2,3.35,1.89,2025-09-28 20:30:00,269.0
195,São Paulo,Ceará,29 de set.,20:00,1.57,3.7,6.4,2025-09-29 20:00:00,292.0
196,Atlético-MG,Juventude,30 de set.,21:30,1.41,4.4,7.5,2025-09-30 21:30:00,325.0
197,Mirassol,Bragantino,1 de out.,19:00,2.06,3.4,3.55,2025-10-01 19:00:00,282.0
198,Palmeiras,Vasco,1 de out.,19:00,1.33,4.9,9.5,2025-10-01 19:00:00,317.0
199,Sport,Fluminense,1 de out.,19:00,2.9,3.05,2.55,2025-10-01 19:00:00,283.0
200,Internacional,Corinthians,1 de out.,19:30,2.12,3.25,3.55,2025-10-01 19:30:00,266.0
201,Botafogo,Bahia,1 de out.,21:30,1.94,3.35,4.0,2025-10-01 21:30:00,148.0
202,Santos,Grêmio,1 de out.,21:30,2.15,3.2,3.5,2025-10-01 21:30:00,277.0
203,Vitória,Ceará,2 de out.,19:00,2.32,3.15,3.2,2025-10-02 19:00:00,284.0
204,Fortaleza,São Paulo,2 de out.,19:30,2.65,3.25,2.63,2025-10-02 19:30:00,291.0
205,Flamengo,Cruzeiro,2 de out.,20:30,1.66,3.7,5.1,2025-10-02 20:30:00,303.0
206,Fortaleza,Sport,sáb.,16:00,1.72,3.65,4.8,2025-09-27 16:00:00,321.0
207,Juventude,Internacional,sáb.,18:30,3.75,3.35,2.0,2025-09-27 18:30:00,292.0
208,Vasco,Cruzeiro,sáb.,18:30,2.88,3.35,2.4,2025-09-27 18:30:00,343.0
209,Atlético-MG,Mirassol,sáb.,21:00,2.23,3.25,3.2,2025-09-27 21:00:00,398.0
210,Grêmio,Vitória,dom.,11:00,1.67,3.7,5.1,2025-09-28 11:00:00,275.0
211,Bahia,Palmeiras,dom.,16:00,3.5,3.35,2.08,2025-09-28 16:00:00,279.0
212,Fluminense,Botafogo,dom.,16:00,2.38,3.2,3.05,2025-09-28 16:00:00,293.0
213,Bragantino,Santos,dom.,18:30,2.28,3.2,3.2,2025-09-28 18:30:00,293.0
214,Corinthians,Flamengo,dom.,20:30,4.35,3.25,1.89,2025-09-28 20:30:00,282.0
215,São Paulo,Ceará,seg.,20:00,1.57,3.7,6.4,2025-09-29 20:00:00,295.0
216,Atlético-MG,Juventude,ter.,21:30,1.41,4.4,7.5,2025-09-30 21:30:00,325.0
217,Mirassol,Bragantino,qua.,19:00,2.05,3.4,3.55,2025-10-01 19:00:00,284.0
218,Palmeiras,Vasco,qua.,19:00,1.33,4.9,9.5,2025-10-01 19:00:00,317.0
219,Sport,Fluminense,qua.,19:00,2.9,3.1,2.55,2025-10-01 19:00:00,283.0
220,Internacional,Corinthians,qua.,19:30,2.12,3.25,3.55,2025-10-01 19:30:00,266.0
221,Botafogo,Bahia,qua.,21:30,1.94,3.35,4.0,2025-10-01 21:30:00,279.0
222,Santos,Grêmio,qua.,21:30,2.05,3.25,3.75,2025-10-01 21:30:00,275.0
223,Vitória,Ceará,2 de out.,19:00,2.32,3.15,3.2,2025-10-02 19:00:00,284.0
224,Fortaleza,São Paulo,2 de out.,19:30,2.65,3.25,2.63,2025-10-02 19:30:00,291.0
225,Flamengo,Cruzeiro,2 de out.,20:30,1.66,3.7,5.1,2025-10-02 20:30:00,303.0
226,Sport,Atlético-MG,sáb.,16:00,3.55,3.2,2.14,2025-11-08 16:00:00,448.0
227,Vasco,Juventude,sáb.,18:00,1.4,4.5,8.0,2025-11-08 18:00:00,443.0
228,Internacional,Bahia,sáb.,18:30,2.23,3.2,3.3,2025-11-08 18:30:00,388.0
229,São Paulo,Bragantino,sáb.,21:00,1.68,3.45,5.6,2025-11-08 21:00:00,416.0
230,Corinthians,Ceará,dom.,16:00,1.68,3.45,5.75,2025-11-09 16:00:00,339.0
231,Cruzeiro,Fluminense,dom.,16:00,1.91,3.25,4.3,2025-11-09 16:00:00,322.0
232,Vitória,Botafogo,dom.,16:00,3.1,3.15,2.33,2025-11-09 16:00:00,308.0
233,Flamengo,Santos,dom.,18:30,1.29,5.3,10.0,2025-11-09 18:30:00,329.0
234,Fortaleza,Grêmio,dom.,20:30,1.97,3.25,4.0,2025-11-09 20:30:00,335.0
235,Mirassol,Palmeiras,dom.,20:30,3.95,3.25,1.98,2025-11-09 20:30:00,344.0
236,Atlético-MG,Juventude,ter.,21:30,1.56,3.8,6.25,2025-09-30 21:30:00,410.0
237,Mirassol,Bragantino,qua.,19:00,1.87,3.45,4.1,2025-10-01 19:00:00,376.0
238,Palmeiras,Vasco,qua.,19:00,1.33,4.8,9.5,2025-10-01 19:00:00,445.0
239,Sport,Fluminense,qua.,19:00,2.95,3.05,2.5,2025-10-01 19:00:00,389.0
240,Internacional,Corinthians,qua.,19:30,2.1,3.2,3.6,2025-10-01 19:30:00,370.0
241,Botafogo,Bahia,qua.,21:30,1.83,3.55,4.25,2025-10-01 21:30:00,368.0
242,Santos,Grêmio,qua.,21:30,2.02,3.3,3.75,2025-10-01 21:30:00,374.0
243,Vitória,Ceará,qui.,19:00,2.32,3.1,3.2,2025-10-02 19:00:00,281.0
244,Fortaleza,São Paulo,qui.,19:30,2.75,3.3,2.55,2025-10-02 19:30:00,282.0
245,Flamengo,Cruzeiro,qui.,20:30,1.58,3.9,5.6,2025-10-02 20:30:00,301.0
246,Bragantino,Grêmio,sáb.,18:30,2.23,3.3,3.2,2025-10-04 18:30:00,273.0
247,Fluminense,Atlético-MG,sáb.,18:30,1.77,3.45,4.75,2025-10-04 18:30:00,326.0
248,Internacional,Botafogo,sáb.,18:30,2.6,3.2,2.7,2025-10-04 18:30:00,284.0
249,Corinthians,Mirassol,sáb.,21:00,2.12,3.25,3.5,2025-10-04 21:00:00,263.0
250,São Paulo,Palmeiras,dom.,16:00,2.9,3.1,2.55,2025-10-05 16:00:00,304.0
251,Vasco,Vitória,dom.,16:00,1.78,3.5,4.6,2025-10-05 16:00:00,285.0
252,Bahia,Flamengo,dom.,18:30,4.3,3.45,1.84,2025-10-05 18:30:00,302.0
253,Juventude,Fortaleza,dom.,18:30,2.63,3.2,2.7,2025-10-05 18:30:00,277.0
254,Ceará,Santos,dom.,20:30,2.25,3.1,3.4,2025-10-05 20:30:00,266.0
255,Cruzeiro,Sport,dom.,20:30,1.3,5.1,10.0,2025-10-05 20:30:00,287.0
256,Bahia,Internacional,qua.,19:00,1.8,3.55,4.4,2025-10-22 19:00:00,437.0
257,Atlético-MG,Ceará,sáb.,16:00,1.88,3.25,4.4,2025-10-25 16:00:00,342.0
258,Vitória,Corinthians,sáb.,16:00,2.8,3.2,2.55,2025-10-25 16:00:00,331.0
259,Fluminense,Internacional,sáb.,17:30,2.0,3.35,3.75,2025-10-25 17:30:00,336.0
260,Sport,Mirassol,sáb.,18:30,2.65,3.3,2.6,2025-10-25 18:30:00,311.0
261,Fortaleza,Flamengo,sáb.,19:30,5.2,3.7,1.67,2025-10-25 19:30:00,296.0
262,São Paulo,Bahia,sáb.,21:30,1.96,3.45,3.8,2025-10-25 21:30:00,325.0
263,Botafogo,Santos,dom.,16:00,1.75,3.65,4.6,2025-10-26 16:00:00,307.0
264,Grêmio,Juventude,dom.,16:00,1.58,3.85,5.8,2025-10-26 16:00:00,339.0
265,Bragantino,Vasco,dom.,18:30,2.25,3.6,2.9,2025-10-26 18:30:00,328.0
266,Palmeiras,Cruzeiro,dom.,20:30,1.6,3.9,5.5,2025-10-26 20:30:00,342.0
267,Fluminense,Ceará,29 de out.,19:00,1.66,3.45,5.8,2025-10-29 19:00:00,343.0
268,Cruzeiro,Vitória,1 de nov.,16:00,1.45,4.1,7.5,2025-11-01 16:00:00,324.0
269,Santos,Fortaleza,1 de nov.,16:00,1.78,3.6,4.5,2025-11-01 16:00:00,308.0
270,Mirassol,Botafogo,1 de nov.,18:00,2.25,3.15,3.3,2025-11-01 18:00:00,307.0
271,Flamengo,Sport,1 de nov.,21:00,1.17,6.5,17.0,2025-11-01 21:00:00,336.0
272,Bahia,Bragantino,2 de nov.,16:00,1.71,3.75,4.7,2025-11-02 16:00:00,330.0
273,Ceará,Fluminense,2 de nov.,16:00,2.7,3.05,2.75,2025-11-02 16:00:00,346.0
274,Corinthians,Grêmio,2 de nov.,16:00,1.84,3.25,4.7,2025-11-02 16:00:00,333.0
275,Internacional,Atlético-MG,2 de nov.,18:30,1.91,3.25,4.3,2025-11-02 18:30:00,320.0
276,Juventude,Palmeiras,2 de nov.,18:30,8.0,4.6,1.4,2025-11-02 18:30:00,361.0
277,Vasco,São Paulo,2 de nov.,20:30,2.15,3.25,3.4,2025-11-02 20:30:00,322.0
278,Ceará,Juventude,sáb.,19:00,1.57,3.95,5.75,2025-08-30 19:00:00,
279,Botafogo,Bragantino,sáb.,21:30,1.49,4.1,6.5,2025-08-30 21:30:00,
280,Palmeiras,Bragantino,qua.,19:00,1.32,5.0,9.5,2025-10-15 19:00:00,420.0
281,Botafogo,Flamengo,qua.,19:30,3.6,3.2,2.1,2025-10-15 19:30:00,403.0
282,Mirassol,Internacional,qua.,20:00,2.14,3.35,3.35,2025-10-15 20:00:00,370.0
283,Sport,Ceará,qua.,20:00,2.35,3.1,3.15,2025-10-15 20:00:00,388.0
284,Atlético-MG,Cruzeiro,qua.,21:30,2.88,3.0,2.6,2025-10-15 21:30:00,413.0
285,Fortaleza,Vasco,qua.,21:30,2.2,3.3,3.25,2025-10-15 21:30:00,384.0
286,Santos,Corinthians,qua.,21:30,2.2,3.1,3.5,2025-10-15 21:30:00,370.0
287,Grêmio,São Paulo,qui.,19:00,2.85,3.15,2.55,2025-10-16 19:00:00,299.0
288,Fluminense,Juventude,qui.,21:30,1.32,4.9,9.5,2025-10-16 21:30:00,365.0
289,Vitória,Bahia,qui.,21:30,2.9,3.2,2.48,2025-10-16 21:30:00,312.0
290,Corinthians,Atlético-MG,sáb.,18:30,2.02,3.2,3.9,2025-10-18 18:30:00,327.0
291,Internacional,Sport,sáb.,18:30,1.54,4.0,6.0,2025-10-18 18:30:00,310.0
292,Cruzeiro,Fortaleza,sáb.,21:00,1.55,3.95,6.0,2025-10-18 21:00:00,310.0
293,Ceará,Botafogo,dom.,16:00,2.7,3.05,2.75,2025-10-19 16:00:00,319.0
294,Flamengo,Palmeiras,dom.,16:00,1.89,3.4,4.2,2025-10-19 16:00:00,328.0
295,Mirassol,São Paulo,dom.,16:00,2.43,3.2,2.95,2025-10-19 16:00:00,316.0
296,Bahia,Grêmio,dom.,20:30,1.85,3.5,4.2,2025-10-19 20:30:00,303.0
297,Juventude,Bragantino,20 de out.,19:00,2.65,3.1,2.75,2025-10-20 19:00:00,325.0
298,Vasco,Fluminense,20 de out.,19:30,2.75,3.25,2.55,2025-10-20 19:30:00,334.0
299,Santos,Vitória,20 de out.,21:30,1.7,3.65,5.0,2025-10-20 21:30:00,318.0
300,Fortaleza,Sport,sáb.,16:00,1.72,3.7,4.8,2025-09-27 16:00:00,263.0
301,Juventude,Internacional,sáb.,18:30,3.7,3.35,2.02,2025-09-27 18:30:00,244.0
302,Vasco,Cruzeiro,sáb.,18:30,2.85,3.25,2.48,2025-09-27 18:30:00,277.0
303,Atlético-MG,Mirassol,sáb.,21:00,2.25,3.25,3.2,2025-09-27 21:00:00,317.0
304,Grêmio,Vitória,dom.,11:00,1.65,3.75,5.25,2025-09-28 11:00:00,274.0
305,Bahia,Palmeiras,dom.,16:00,2.85,3.25,2.45,2025-09-28 16:00:00,274.0
306,Fluminense,Botafogo,dom.,16:00,2.4,3.15,3.05,2025-09-28 16:00:00,298.0
307,Bragantino,Santos,dom.,18:30,2.15,3.35,3.35,2025-09-28 18:30:00,293.0
308,Corinthians,Flamengo,dom.,20:30,4.3,3.35,1.88,2025-09-28 20:30:00,276.0
309,São Paulo,Ceará,seg.,20:00,1.57,3.7,6.4,2025-09-29 20:00:00,294.0
310,Atlético-MG,Juventude,ter.,21:30,1.41,4.4,7.5,2025-09-30 21:30:00,325.0
311,Mirassol,Bragantino,1 de out.,19:00,2.05,3.4,3.55,2025-10-01 19:00:00,284.0
312,Palmeiras,Vasco,1 de out.,19:00,1.33,4.9,9.5,2025-10-01 19:00:00,317.0
313,Sport,Fluminense,1 de out.,19:00,2.9,3.1,2.55,2025-10-01 19:00:00,283.0
314,Internacional,Corinthians,1 de out.,19:30,2.12,3.25,3.55,2025-10-01 19:30:00,266.0
315,Botafogo,Bahia,1 de out.,21:30,1.94,3.35,4.0,2025-10-01 21:30:00,279.0
316,Santos,Grêmio,1 de out.,21:30,2.04,3.25,3.75,2025-10-01 21:30:00,277.0
317,Vitória,Ceará,2 de out.,19:00,2.32,3.15,3.2,2025-10-02 19:00:00,284.0
318,Fortaleza,São Paulo,2 de out.,19:30,2.65,3.25,2.63,2025-10-02 19:30:00,291.0
319,Flamengo,Cruzeiro,2 de out.,20:30,1.66,3.7,5.1,2025-10-02 20:30:00,303.0
320,Ceará,Juventude,sáb.,16:00,1.55,4.0,5.8,2025-08-30 16:00:00,
321,Botafogo,Bragantino,sáb.,18:30,1.58,3.85,5.8,2025-08-30 18:30:00,
322,Cruzeiro,São Paulo,sáb.,21:00,1.84,3.45,4.3,2025-08-30 21:00:00,
323,Flamengo,Grêmio,dom.,16:00,1.24,5.75,11.5,2025-08-31 16:00:00,
324,Santos,Fluminense,dom.,16:00,2.32,3.25,3.05,2025-08-31 16:00:00,
325,Corinthians,Palmeiras,dom.,18:30,3.0,3.15,2.4,2025-08-31 18:30:00,
326,Mirassol,Bahia,dom.,18:30,2.32,3.45,2.9,2025-08-31 18:30:00,
327,Vitória,Atlético-MG,dom.,18:30,2.75,3.1,2.63,2025-08-31 18:30:00,
328,Internacional,Fortaleza,dom.,20:30,1.58,4.1,5.4,2025-08-31 20:30:00,
329,Sport,Vasco,dom.,20:30,2.43,3.2,2.95,2025-08-31 20:30:00,
330,Fortaleza,Vitória,13 de set.,16:00,2.14,3.1,3.55,2025-09-13 16:00:00,
331,Grêmio,Mirassol,13 de set.,16:00,2.14,3.1,3.55,2025-09-13 16:00:00,
332,Palmeiras,Internacional,13 de set.,18:30,1.58,3.65,6.0,2025-09-13 18:30:00,
333,Fluminense,Corinthians,13 de set.,21:00,2.05,3.25,3.6,2025-09-13 21:00:00,
334,Bragantino,Sport,14 de set.,11:00,1.66,3.5,5.5,2025-09-14 11:00:00,
335,Atlético-MG,Santos,14 de set.,16:00,1.68,3.7,4.7,2025-09-14 16:00:00,
336,Juventude,Flamengo,14 de set.,16:00,6.0,3.9,1.54,2025-09-14 16:00:00,
337,São Paulo,Botafogo,14 de set.,17:30,2.43,3.15,2.88,2025-09-14 17:30:00,
338,Vasco,Ceará,14 de set.,20:30,2.2,3.1,3.4,2025-09-14 20:30:00,
339,Cruzeiro,Vitória,sáb.,16:00,1.44,4.2,7.5,2025-11-01 16:00:00,305.0
340,Santos,Fortaleza,sáb.,16:00,1.74,3.65,4.6,2025-11-01 16:00:00,304.0
341,Mirassol,Botafogo,sáb.,18:00,2.14,3.25,3.45,2025-11-01 18:00:00,294.0
342,Flamengo,Sport,sáb.,21:00,1.18,6.5,17.0,2025-11-01 21:00:00,299.0
343,Bahia,Bragantino,dom.,16:00,1.72,3.65,4.8,2025-11-02 16:00:00,314.0
344,Ceará,Fluminense,dom.,16:00,2.65,3.05,2.8,2025-11-02 16:00:00,347.0
345,Corinthians,Grêmio,dom.,16:00,1.79,3.25,5.0,2025-11-02 16:00:00,317.0
346,Internacional,Atlético-MG,dom.,18:30,1.98,3.25,4.0,2025-11-02 18:30:00,308.0
347,Juventude,Palmeiras,dom.,18:30,7.0,4.1,1.48,2025-11-02 18:30:00,346.0
348,Vasco,São Paulo,dom.,20:30,2.18,3.2,3.4,2025-11-02 20:30:00,305.0
349,Bragantino,Corinthians,5 de nov.,19:00,2.23,3.2,3.3,2025-11-05 19:00:00,335.0
350,Sport,Juventude,5 de nov.,19:00,1.83,3.45,4.4,2025-11-05 19:00:00,336.0
351,Vitória,Internacional,5 de nov.,19:00,2.48,3.25,2.85,2025-11-05 19:00:00,319.0
352,Botafogo,Vasco,5 de nov.,19:30,1.89,3.6,3.9,2025-11-05 19:30:00,344.0
353,Atlético-MG,Bahia,5 de nov.,20:00,2.16,3.3,3.35,2025-11-05 20:00:00,349.0
354,Grêmio,Cruzeiro,5 de nov.,20:00,3.15,3.2,2.3,2025-11-05 20:00:00,321.0
355,São Paulo,Flamengo,5 de nov.,21:30,4.1,3.2,1.97,2025-11-05 21:30:00,301.0
356,Fluminense,Mirassol,6 de nov.,19:30,1.93,3.25,4.2,2025-11-06 19:30:00,351.0
357,Ceará,Fortaleza,6 de nov.,20:00,2.28,3.15,3.25,2025-11-06 20:00:00,316.0
358,Palmeiras,Santos,6 de nov.,21:30,1.4,4.5,8.0,2025-11-06 21:30:00,348.0
359,Bragantino,Corinthians,qua.,19:00,2.63,3.15,2.75,2025-11-05 19:00:00,478.0
360,Sport,Juventude,qua.,19:00,1.66,3.9,4.9,2025-11-05 19:00:00,477.0
361,Vitória,Internacional,qua.,19:00,2.5,3.2,2.85,2025-11-05 19:00:00,422.0
362,Botafogo,Vasco,qua.,19:30,1.86,3.55,4.1,2025-11-05 19:30:00,431.0
363,Atlético-MG,Bahia,qua.,20:00,2.17,3.25,3.35,2025-11-05 20:00:00,476.0
364,Grêmio,Cruzeiro,qua.,20:00,3.1,3.3,2.3,2025-11-05 20:00:00,426.0
365,São Paulo,Flamengo,qua.,21:30,4.3,3.25,1.91,2025-11-05 21:30:00,401.0
366,Fluminense,Mirassol,qui.,19:30,1.85,3.35,4.5,2025-11-06 19:30:00,425.0
367,Ceará,Fortaleza,qui.,20:00,2.28,3.15,3.25,2025-11-06 20:00:00,378.0
368,Palmeiras,Santos,qui.,21:30,1.36,4.6,9.0,2025-11-06 21:30:00,443.0
369,Sport,Atlético-MG,sáb.,16:00,2.75,3.15,2.6,2025-11-08 16:00:00,363.0
370,Vasco,Juventude,sáb.,18:00,1.38,4.6,8.0,2025-11-08 18:00:00,357.0
371,Internacional,Bahia,sáb.,18:30,2.18,3.25,3.35,2025-11-08 18:30:00,326.0
372,São Paulo,Bragantino,sáb.,21:00,1.72,3.4,5.25,2025-11-08 21:00:00,339.0
373,Corinthians,Ceará,dom.,16:00,1.66,3.45,5.75,2025-11-09 16:00:00,342.0
374,Cruzeiro,Fluminense,dom.,16:00,1.89,3.25,4.4,2025-11-09 16:00:00,324.0
375,Vitória,Botafogo,dom.,16:00,3.1,3.2,2.35,2025-11-09 16:00:00,319.0
376,Flamengo,Santos,dom.,18:30,1.32,4.9,9.5,2025-11-09 18:30:00,331.0
377,Fortaleza,Grêmio,dom.,20:30,2.08,3.2,3.65,2025-11-09 20:30:00,341.0
378,Mirassol,Palmeiras,dom.,20:30,3.55,3.2,2.14,2025-11-09 20:30:00,343.0
379,Fortaleza,Vitória,sáb.,16:00,1.81,3.5,4.4,2025-09-13 16:00:00,409.0
380,Grêmio,Mirassol,sáb.,16:00,2.25,3.2,3.25,2025-09-13 16:00:00,372.0
381,Palmeiras,Internacional,sáb.,18:30,1.57,3.8,6.0,2025-09-13 18:30:00,367.0
382,Fluminense,Corinthians,sáb.,21:00,2.05,3.05,4.0,2025-09-13 21:00:00,428.0
383,Bragantino,Sport,dom.,11:00,1.83,3.45,4.35,2025-09-14 11:00:00,372.0
384,Atlético-MG,Santos,dom.,16:00,1.86,3.45,4.2,2025-09-14 16:00:00,442.0
385,Juventude,Flamengo,dom.,16:00,8.0,4.5,1.4,2025-09-14 16:00:00,382.0
386,São Paulo,Botafogo,dom.,17:30,2.18,3.0,3.65,2025-09-14 17:30:00,352.0
387,Vasco,Ceará,dom.,20:30,1.83,3.4,4.5,2025-09-14 20:30:00,378.0
388,Bahia,Cruzeiro,seg.,20:00,2.3,3.05,3.3,2025-09-15 20:00:00,282.0
389,Botafogo,Mirassol,qua.,19:30,1.62,3.8,5.5,2025-09-17 19:30:00,287.0
390,Vitória,Fluminense,20 de set.,16:00,2.5,3.1,2.95,2025-09-20 16:00:00,298.0
391,Botafogo,Atlético-MG,20 de set.,18:30,1.61,3.6,6.1,2025-09-20 18:30:00,315.0
392,Ceará,Bahia,20 de set.,18:30,2.75,3.1,2.65,2025-09-20 18:30:00,261.0
393,Palmeiras,Fortaleza,20 de set.,21:00,1.38,4.4,9.0,2025-09-20 21:00:00,276.0
394,Mirassol,Juventude,21 de set.,16:00,1.6,3.7,6.0,2025-09-21 16:00:00,269.0
395,Flamengo,Vasco,21 de set.,17:30,1.52,3.95,6.5,2025-09-21 17:30:00,277.0
396,Internacional,Grêmio,21 de set.,17:30,1.86,3.2,4.6,2025-09-21 17:30:00,262.0
397,Sport,Corinthians,21 de set.,17:30,2.85,3.0,2.63,2025-09-21 17:30:00,261.0
398,Cruzeiro,Bragantino,21 de set.,20:30,1.57,3.8,6.1,2025-09-21 20:30:00,298.0
399,Santos,São Paulo,21 de set.,20:30,2.5,2.95,3.05,2025-09-21 20:30:00,274.0
400,Fortaleza,Vitória,13 de set.,16:00,1.9,3.35,4.2,2025-09-13 16:00:00,315.0
401,Grêmio,Mirassol,13 de set.,16:00,2.25,3.2,3.25,2025-09-13 16:00:00,272.0
402,Palmeiras,Internacional,13 de set.,18:30,1.62,3.7,5.75,2025-09-13 18:30:00,291.0
403,Fluminense,Corinthians,13 de set.,21:00,1.98,3.2,4.1,2025-09-13 21:00:00,315.0
404,Bragantino,Sport,14 de set.,11:00,1.88,3.4,4.2,2025-09-14 11:00:00,283.0
405,Atlético-MG,Santos,14 de set.,16:00,1.86,3.45,4.25,2025-09-14 16:00:00,345.0
406,Juventude,Flamengo,14 de set.,16:00,8.0,4.3,1.42,2025-09-14 16:00:00,280.0
407,São Paulo,Botafogo,14 de set.,17:30,2.18,3.0,3.65,2025-09-14 17:30:00,279.0
408,Vasco,Ceará,14 de set.,20:30,1.85,3.4,4.4,2025-09-14 20:30:00,290.0
409,Bahia,Cruzeiro,15 de set.,20:00,2.3,3.05,3.35,2025-09-15 20:00:00,316.0
410,Vitória,Fluminense,20 de set.,16:00,2.55,3.0,2.9,2025-09-20 16:00:00,40.0
411,Botafogo,Atlético-MG,20 de set.,18:30,1.6,3.6,6.0,2025-09-20 18:30:00,40.0
412,Ceará,Bahia,20 de set.,18:30,2.75,3.0,2.7,2025-09-20 18:30:00,40.0
413,Palmeiras,Fortaleza,20 de set.,21:00,1.33,4.5,10.0,2025-09-20 21:00:00,39.0
414,Mirassol,Juventude,21 de set.,16:00,1.58,3.7,5.75,2025-09-21 16:00:00,40.0
415,Flamengo,Vasco,21 de set.,17:30,1.53,4.0,6.0,2025-09-21 17:30:00,40.0
416,Internacional,Grêmio,21 de set.,17:30,1.94,3.1,4.25,2025-09-21 17:30:00,40.0
417,Sport,Corinthians,21 de set.,17:30,2.8,3.0,2.63,2025-09-21 17:30:00,40.0
418,Cruzeiro,Bragantino,21 de set.,20:30,1.54,3.8,6.25,2025-09-21 20:30:00,40.0
419,Santos,São Paulo,21 de set.,20:30,2.48,3.0,3.0,2025-09-21 20:30:00,40.0
420,Cruzeiro,Vitória,1 de nov.,16:00,1.44,4.2,7.5,2025-11-01 16:00:00,319.0
421,Santos,Fortaleza,1 de nov.,16:00,1.77,3.6,4.5,2025-11-01 16:00:00,303.0
422,Mirassol,Botafogo,1 de nov.,18:00,2.17,3.15,3.45,2025-11-01 18:00:00,306.0
423,Flamengo,Sport,1 de nov.,21:00,1.15,7.0,18.0,2025-11-01 21:00:00,324.0
424,Bahia,Bragantino,2 de nov.,16:00,1.71,3.7,4.8,2025-11-02 16:00:00,326.0
425,Ceará,Fluminense,2 de nov.,16:00,2.65,3.05,2.8,2025-11-02 16:00:00,347.0
426,Corinthians,Grêmio,2 de nov.,16:00,1.84,3.25,4.7,2025-11-02 16:00:00,328.0
427,Internacional,Atlético-MG,2 de nov.,18:30,1.91,3.3,4.25,2025-11-02 18:30:00,321.0
428,Juventude,Palmeiras,2 de nov.,18:30,8.0,4.5,1.4,2025-11-02 18:30:00,360.0
429,Vasco,São Paulo,2 de nov.,20:30,2.15,3.25,3.4,2025-11-02 20:30:00,322.0
430,Fortaleza,Vitória,sáb.,16:00,1.9,3.35,4.2,2025-09-13 16:00:00,282.0
431,Grêmio,Mirassol,sáb.,16:00,2.25,3.2,3.25,2025-09-13 16:00:00,272.0
432,Palmeiras,Internacional,sáb.,18:30,1.62,3.7,5.75,2025-09-13 18:30:00,257.0
433,Fluminense,Corinthians,sáb.,21:00,1.98,3.2,4.1,2025-09-13 21:00:00,315.0
434,Bragantino,Sport,14 de set.,11:00,1.89,3.45,4.1,2025-09-14 11:00:00,253.0
435,Atlético-MG,Santos,14 de set.,16:00,1.86,3.45,4.2,2025-09-14 16:00:00,305.0
436,Juventude,Flamengo,14 de set.,16:00,8.0,4.3,1.42,2025-09-14 16:00:00,280.0
437,São Paulo,Botafogo,14 de set.,17:30,2.18,3.05,3.6,2025-09-14 17:30:00,245.0
438,Vasco,Ceará,14 de set.,20:30,1.84,3.35,4.5,2025-09-14 20:30:00,290.0
439,Bahia,Cruzeiro,15 de set.,20:00,2.3,3.1,3.25,2025-09-15 20:00:00,314.0
440,Botafogo,Mirassol,17 de set.,19:30,1.62,3.8,5.5,2025-09-17 19:30:00,283.0
441,Vitória,Fluminense,20 de set.,16:00,2.55,3.0,2.9,2025-09-20 16:00:00,40.0
442,Botafogo,Atlético-MG,20 de set.,18:30,1.6,3.6,6.0,2025-09-20 18:30:00,40.0
443,Ceará,Bahia,20 de set.,18:30,2.75,3.0,2.7,2025-09-20 18:30:00,40.0
444,Palmeiras,Fortaleza,20 de set.,21:00,1.33,4.5,10.0,2025-09-20 21:00:00,39.0
445,Mirassol,Juventude,21 de set.,16:00,1.58,3.7,5.75,2025-09-21 16:00:00,40.0
446,Flamengo,Vasco,21 de set.,17:30,1.53,4.0,6.0,2025-09-21 17:30:00,40.0
447,Internacional,Grêmio,21 de set.,17:30,1.94,3.1,4.25,2025-09-21 17:30:00,40.0
448,Sport,Corinthians,21 de set.,17:30,2.8,3.0,2.63,2025-09-21 17:30:00,40.0
449,Cruzeiro,Bragantino,21 de set.,20:30,1.54,3.8,6.25,2025-09-21 20:30:00,40.0
450,Santos,São Paulo,21 de set.,20:30,2.48,3.0,3.0,2025-09-21 20:30:00,40.0
451,Corinthians,Atlético-MG,sáb.,18:30,2.0,3.2,4.0,2025-10-18 18:30:00,447.0
452,Cruzeiro,Fortaleza,sáb.,21:00,1.37,4.6,8.5,2025-10-18 21:00:00,387.0
453,Ceará,Botafogo,dom.,16:00,2.8,2.9,2.8,2025-10-19 16:00:00,442.0
454,Flamengo,Palmeiras,dom.,16:00,1.95,3.25,4.1,2025-10-19 16:00:00,450.0
455,Mirassol,São Paulo,dom.,16:00,2.3,3.15,3.1,2025-10-19 16:00:00,435.0
456,Internacional,Sport,dom.,18:30,1.6,3.8,5.6,2025-10-19 18:30:00,411.0
457,Bahia,Grêmio,dom.,20:30,1.7,3.7,4.8,2025-10-19 20:30:00,415.0
458,Juventude,Bragantino,seg.,19:00,2.65,3.1,2.75,2025-10-20 19:00:00,433.0
459,Vasco,Fluminense,seg.,19:30,2.95,3.1,2.48,2025-10-20 19:30:00,472.0
460,Santos,Vitória,seg.,21:30,1.63,3.7,5.6,2025-10-20 21:30:00,426.0
461,Bahia,Internacional,qua.,19:00,1.88,3.55,4.0,2025-10-22 19:00:00,333.0
462,Atlético-MG,Ceará,25 de out.,16:00,1.82,3.45,4.4,2025-10-25 16:00:00,354.0
463,Vitória,Corinthians,25 de out.,16:00,2.95,3.15,2.45,2025-10-25 16:00:00,335.0
464,Sport,Mirassol,25 de out.,18:30,3.0,3.3,2.33,2025-10-25 18:30:00,325.0
465,Fortaleza,Flamengo,25 de out.,19:30,4.4,3.5,1.82,2025-10-25 19:30:00,325.0
466,Fluminense,Internacional,25 de out.,21:30,2.02,3.35,3.7,2025-10-25 21:30:00,346.0
467,São Paulo,Bahia,25 de out.,21:30,1.97,3.45,3.75,2025-10-25 21:30:00,340.0
468,Botafogo,Santos,26 de out.,16:00,1.77,3.55,4.6,2025-10-26 16:00:00,328.0
469,Bragantino,Vasco,26 de out.,18:30,2.6,3.45,2.6,2025-10-26 18:30:00,334.0
470,Palmeiras,Cruzeiro,26 de out.,20:30,1.68,3.75,5.0,2025-10-26 20:30:00,348.0
471,Grêmio,Juventude,27 de out.,20:00,1.62,3.8,5.5,2025-10-27 20:00:00,355.0
472,Bahia,Internacional,qua.,19:00,1.98,3.35,3.8,2025-10-22 19:00:00,403.0
473,Atlético-MG,Ceará,sáb.,16:00,1.88,3.25,4.4,2025-10-25 16:00:00,342.0
474,Vitória,Corinthians,sáb.,16:00,2.95,3.2,2.43,2025-10-25 16:00:00,336.0
475,Fluminense,Internacional,sáb.,17:30,2.0,3.35,3.8,2025-10-25 17:30:00,346.0
476,Sport,Mirassol,sáb.,18:30,2.65,3.3,2.6,2025-10-25 18:30:00,311.0
477,Fortaleza,Flamengo,sáb.,19:30,5.75,3.85,1.6,2025-10-25 19:30:00,297.0
478,São Paulo,Bahia,sáb.,21:30,1.97,3.4,3.85,2025-10-25 21:30:00,329.0
479,Botafogo,Santos,dom.,16:00,1.74,3.65,4.6,2025-10-26 16:00:00,327.0
480,Grêmio,Juventude,dom.,16:00,1.58,3.85,5.75,2025-10-26 16:00:00,353.0
481,Bragantino,Vasco,dom.,18:30,2.25,3.55,2.9,2025-10-26 18:30:00,338.0
482,Palmeiras,Cruzeiro,dom.,20:30,1.6,3.9,5.5,2025-10-26 20:30:00,342.0
483,Fluminense,Ceará,29 de out.,19:00,1.66,3.45,5.8,2025-10-29 19:00:00,343.0
484,Cruzeiro,Vitória,1 de nov.,16:00,1.45,4.1,7.5,2025-11-01 16:00:00,324.0
485,Santos,Fortaleza,1 de nov.,16:00,1.78,3.6,4.5,2025-11-01 16:00:00,308.0
486,Mirassol,Botafogo,1 de nov.,18:00,2.25,3.15,3.3,2025-11-01 18:00:00,311.0
487,Flamengo,Sport,1 de nov.,21:00,1.17,6.5,17.0,2025-11-01 21:00:00,336.0
488,Bahia,Bragantino,2 de nov.,16:00,1.71,3.7,4.75,2025-11-02 16:00:00,337.0
489,Ceará,Fluminense,2 de nov.,16:00,2.7,3.05,2.75,2025-11-02 16:00:00,346.0
490,Corinthians,Grêmio,2 de nov.,16:00,1.84,3.3,4.6,2025-11-02 16:00:00,340.0
491,Internacional,Atlético-MG,2 de nov.,18:30,1.9,3.3,4.25,2025-11-02 18:30:00,332.0
492,Juventude,Palmeiras,2 de nov.,18:30,8.0,4.6,1.4,2025-11-02 18:30:00,361.0
493,Vasco,São Paulo,2 de nov.,20:30,2.14,3.3,3.4,2025-11-02 20:30:00,323.0
494,Juventude,Bragantino,seg.,19:00,2.8,3.05,2.6,2025-10-20 19:00:00,429.0
495,Vasco,Fluminense,seg.,19:30,2.95,3.1,2.48,2025-10-20 19:30:00,468.0
496,Santos,Vitória,seg.,21:30,1.56,3.9,6.1,2025-10-20 21:30:00,442.0
497,Bahia,Internacional,qua.,19:00,1.88,3.55,4.0,2025-10-22 19:00:00,333.0
498,Atlético-MG,Ceará,sáb.,16:00,1.86,3.25,4.5,2025-10-25 16:00:00,348.0
499,Vitória,Corinthians,sáb.,16:00,3.0,3.2,2.4,2025-10-25 16:00:00,334.0
500,Fluminense,Internacional,sáb.,17:30,2.0,3.35,3.8,2025-10-25 17:30:00,346.0
501,Sport,Mirassol,sáb.,18:30,2.7,3.3,2.6,2025-10-25 18:30:00,314.0
502,Fortaleza,Flamengo,sáb.,19:30,6.0,4.0,1.55,2025-10-25 19:30:00,305.0
503,São Paulo,Bahia,sáb.,21:30,1.97,3.45,3.75,2025-10-25 21:30:00,332.0
504,Botafogo,Santos,26 de out.,16:00,1.75,3.65,4.6,2025-10-26 16:00:00,328.0
505,Grêmio,Juventude,26 de out.,16:00,1.63,3.75,5.4,2025-10-26 16:00:00,354.0
506,Bragantino,Vasco,26 de out.,18:30,2.38,3.55,2.75,2025-10-26 18:30:00,338.0
507,Palmeiras,Cruzeiro,26 de out.,20:30,1.62,3.85,5.4,2025-10-26 20:30:00,347.0
508,Atlético-MG,Sport,qua.,19:00,1.63,3.6,5.8,2025-10-08 19:00:00,352.0
509,Mirassol,Fluminense,qua.,21:00,2.28,3.15,3.25,2025-10-08 21:00:00,320.0
510,Palmeiras,Juventude,sáb.,19:00,1.24,5.5,13.0,2025-10-11 19:00:00,326.0
511,Palmeiras,Bragantino,15 de out.,19:00,1.44,4.35,7.5,2025-10-15 19:00:00,353.0
512,Botafogo,Flamengo,15 de out.,19:30,3.65,3.25,2.1,2025-10-15 19:30:00,317.0
513,Mirassol,Internacional,15 de out.,20:00,2.12,3.3,3.45,2025-10-15 20:00:00,303.0
514,Sport,Ceará,15 de out.,20:00,2.32,3.2,3.15,2025-10-15 20:00:00,324.0
515,Atlético-MG,Cruzeiro,15 de out.,21:30,2.7,3.05,2.7,2025-10-15 21:30:00,335.0
516,Fortaleza,Vasco,15 de out.,21:30,2.32,3.1,3.2,2025-10-15 21:30:00,297.0
517,Santos,Corinthians,15 de out.,21:30,2.2,3.1,3.55,2025-10-15 21:30:00,284.0
518,Grêmio,São Paulo,16 de out.,19:00,2.48,3.15,2.95,2025-10-16 19:00:00,291.0
519,Fluminense,Juventude,16 de out.,21:30,1.45,4.2,7.5,2025-10-16 21:30:00,363.0
520,Vitória,Bahia,16 de out.,21:30,2.95,3.2,2.45,2025-10-16 21:30:00,309.0
521,Corinthians,Atlético-MG,18 de out.,18:30,2.02,3.2,3.85,2025-10-18 18:30:00,331.0
522,Internacional,Sport,18 de out.,18:30,1.55,3.9,6.1,2025-10-18 18:30:00,314.0
523,Cruzeiro,Fortaleza,18 de out.,21:00,1.55,3.9,6.1,2025-10-18 21:00:00,316.0
524,Ceará,Botafogo,19 de out.,16:00,2.85,3.05,2.6,2025-10-19 16:00:00,320.0
525,Mirassol,São Paulo,19 de out.,16:00,2.3,3.25,3.15,2025-10-19 16:00:00,315.0
526,Flamengo,Palmeiras,19 de out.,18:30,1.87,3.35,4.25,2025-10-19 18:30:00,324.0
527,Bahia,Grêmio,19 de out.,20:30,1.85,3.5,4.2,2025-10-19 20:30:00,303.0
528,Juventude,Bragantino,20 de out.,19:00,2.65,3.1,2.75,2025-10-20 19:00:00,324.0
529,Vasco,Fluminense,20 de out.,19:30,2.45,3.25,2.85,2025-10-20 19:30:00,334.0
530,Santos,Vitória,20 de out.,21:30,1.7,3.65,5.0,2025-10-20 21:30:00,318.0
531,Cruzeiro,Vitória,sáb.,16:00,1.42,4.35,8.0,2025-11-01 16:00:00,384.0
532,Santos,Fortaleza,sáb.,16:00,1.68,3.8,5.0,2025-11-01 16:00:00,400.0
533,Mirassol,Botafogo,sáb.,18:00,2.14,3.25,3.45,2025-11-01 18:00:00,369.0
534,Flamengo,Sport,sáb.,21:00,1.17,6.5,17.0,2025-11-01 21:00:00,382.0
535,Bahia,Bragantino,dom.,16:00,1.72,3.65,4.8,2025-11-02 16:00:00,317.0
536,Ceará,Fluminense,dom.,16:00,2.65,3.0,2.75,2025-11-02 16:00:00,337.0
537,Corinthians,Grêmio,dom.,16:00,1.78,3.35,5.0,2025-11-02 16:00:00,320.0
538,Internacional,Atlético-MG,dom.,18:30,2.02,3.2,3.9,2025-11-02 18:30:00,311.0
539,Juventude,Palmeiras,dom.,18:30,7.0,4.1,1.48,2025-11-02 18:30:00,349.0
540,Vasco,São Paulo,dom.,20:30,2.18,3.2,3.4,2025-11-02 20:30:00,308.0
541,Bragantino,Corinthians,qua.,19:00,2.23,3.2,3.3,2025-11-05 19:00:00,335.0
542,Sport,Juventude,qua.,19:00,1.83,3.45,4.4,2025-11-05 19:00:00,336.0
543,Vitória,Internacional,qua.,19:00,2.48,3.25,2.85,2025-11-05 19:00:00,319.0
544,Botafogo,Vasco,qua.,19:30,1.89,3.6,3.9,2025-11-05 19:30:00,344.0
545,Atlético-MG,Bahia,qua.,20:00,2.16,3.3,3.35,2025-11-05 20:00:00,349.0
546,Grêmio,Cruzeiro,qua.,20:00,3.15,3.2,2.3,2025-11-05 20:00:00,321.0
547,São Paulo,Flamengo,qua.,21:30,4.1,3.2,1.97,2025-11-05 21:30:00,301.0
548,Fluminense,Mirassol,6 de nov.,19:30,1.93,3.25,4.2,2025-11-06 19:30:00,351.0
549,Ceará,Fortaleza,6 de nov.,20:00,2.28,3.15,3.25,2025-11-06 20:00:00,316.0
550,Palmeiras,Santos,6 de nov.,21:30,1.4,4.5,8.0,2025-11-06 21:30:00,348.0
551,Fortaleza,Vitória,13 de set.,16:00,1.9,3.35,4.2,2025-09-13 16:00:00,282.0
552,Grêmio,Mirassol,13 de set.,16:00,2.25,3.2,3.25,2025-09-13 16:00:00,272.0
553,Palmeiras,Internacional,13 de set.,18:30,1.62,3.7,5.75,2025-09-13 18:30:00,257.0
554,Fluminense,Corinthians,13 de set.,21:00,1.98,3.2,4.1,2025-09-13 21:00:00,315.0
555,Bragantino,Sport,14 de set.,11:00,1.89,3.45,4.1,2025-09-14 11:00:00,253.0
556,Juventude,Flamengo,14 de set.,16:00,8.0,4.3,1.42,2025-09-14 16:00:00,280.0
557,São Paulo,Botafogo,14 de set.,17:30,2.17,3.05,3.65,2025-09-14 17:30:00,245.0
558,Vasco,Ceará,14 de set.,20:30,1.84,3.35,4.5,2025-09-14 20:30:00,290.0
559,Bahia,Cruzeiro,15 de set.,20:00,2.3,3.1,3.25,2025-09-15 20:00:00,314.0
560,Vitória,Fluminense,20 de set.,16:00,2.55,3.0,2.9,2025-09-20 16:00:00,40.0
561,Botafogo,Atlético-MG,20 de set.,18:30,1.6,3.6,6.0,2025-09-20 18:30:00,40.0
562,Ceará,Bahia,20 de set.,18:30,2.75,3.0,2.7,2025-09-20 18:30:00,40.0
563,Palmeiras,Fortaleza,20 de set.,21:00,1.33,4.5,10.0,2025-09-20 21:00:00,39.0
564,Mirassol,Juventude,21 de set.,16:00,1.58,3.7,5.75,2025-09-21 16:00:00,40.0
565,Flamengo,Vasco,21 de set.,17:30,1.53,4.0,6.0,2025-09-21 17:30:00,40.0
566,Internacional,Grêmio,21 de set.,17:30,1.94,3.1,4.25,2025-09-21 17:30:00,40.0
567,Sport,Corinthians,21 de set.,17:30,2.8,3.0,2.63,2025-09-21 17:30:00,40.0
568,Cruzeiro,Bragantino,21 de set.,20:30,1.54,3.8,6.25,2025-09-21 20:30:00,40.0
569,Santos,São Paulo,21 de set.,20:30,2.48,3.0,3.0,2025-09-21 20:30:00,40.0
570,Cruzeiro,Vitória,sáb.,16:00,1.4,4.5,8.0,2025-11-01 16:00:00,413.0
571,Santos,Fortaleza,sáb.,16:00,1.64,3.9,5.1,2025-11-01 16:00:00,442.0
572,Mirassol,Botafogo,sáb.,18:00,2.28,3.25,3.2,2025-11-01 18:00:00,417.0
573,Flamengo,Sport,sáb.,21:00,1.15,7.5,17.0,2025-11-01 21:00:00,439.0
574,Bahia,Bragantino,dom.,16:00,1.63,3.9,5.1,2025-11-02 16:00:00,453.0
575,Ceará,Fluminense,dom.,16:00,2.8,3.0,2.63,2025-11-02 16:00:00,466.0
576,Corinthians,Grêmio,dom.,16:00,1.72,3.4,5.3,2025-11-02 16:00:00,468.0
577,Internacional,Atlético-MG,dom.,18:30,2.0,3.15,4.0,2025-11-02 18:30:00,431.0
578,Juventude,Palmeiras,dom.,18:30,6.75,4.1,1.5,2025-11-02 18:30:00,490.0
579,Vasco,São Paulo,dom.,20:30,2.12,3.15,3.65,2025-11-02 20:30:00,455.0
580,Bragantino,Corinthians,qua.,19:00,2.23,3.2,3.3,2025-11-05 19:00:00,335.0
581,Sport,Juventude,qua.,19:00,1.82,3.5,4.4,2025-11-05 19:00:00,336.0
582,Vitória,Internacional,qua.,19:00,2.48,3.2,2.88,2025-11-05 19:00:00,316.0
583,Botafogo,Vasco,qua.,19:30,1.9,3.55,3.95,2025-11-05 19:30:00,336.0
584,Atlético-MG,Bahia,qua.,20:00,2.16,3.3,3.35,2025-11-05 20:00:00,349.0
585,Grêmio,Cruzeiro,qua.,20:00,3.1,3.2,2.32,2025-11-05 20:00:00,312.0
586,São Paulo,Flamengo,qua.,21:30,4.2,3.2,1.95,2025-11-05 21:30:00,302.0
587,Fluminense,Mirassol,qui.,19:30,1.93,3.3,4.1,2025-11-06 19:30:00,347.0
588,Ceará,Fortaleza,qui.,20:00,2.28,3.2,3.2,2025-11-06 20:00:00,307.0
589,Palmeiras,Santos,qui.,21:30,1.4,4.5,8.0,2025-11-06 21:30:00,348.0
590,Bahia,Cruzeiro,seg.,20:00,2.48,3.0,3.05,2025-09-15 20:00:00,283.0
591,Botafogo,Mirassol,qua.,19:30,1.62,3.8,5.5,2025-09-17 19:30:00,291.0
592,Vitória,Fluminense,sáb.,16:00,2.75,3.05,2.7,2025-09-20 16:00:00,297.0
593,Botafogo,Atlético-MG,sáb.,18:30,1.61,3.6,6.1,2025-09-20 18:30:00,317.0
594,Ceará,Bahia,sáb.,18:30,2.75,3.05,2.65,2025-09-20 18:30:00,261.0
595,Palmeiras,Fortaleza,sáb.,21:00,1.37,4.5,9.0,2025-09-20 21:00:00,277.0
596,Mirassol,Juventude,21 de set.,16:00,1.6,3.75,6.0,2025-09-21 16:00:00,270.0
597,Flamengo,Vasco,21 de set.,17:30,1.4,4.4,8.0,2025-09-21 17:30:00,268.0
598,Internacional,Grêmio,21 de set.,17:30,1.85,3.25,4.6,2025-09-21 17:30:00,256.0
599,Sport,Corinthians,21 de set.,17:30,2.85,3.05,2.63,2025-09-21 17:30:00,254.0
600,Cruzeiro,Bragantino,21 de set.,20:30,1.57,3.75,6.1,2025-09-21 20:30:00,300.0
601,Santos,São Paulo,21 de set.,20:30,2.48,3.05,3.0,2025-09-21 20:30:00,276.0
602,Atlético-MG,Fortaleza,qua.,20:30,1.7,3.45,4.8,2025-11-12 20:30:00,302.0
603,Sport,Flamengo,sáb.,18:30,9.5,4.6,1.3,2025-11-15 18:30:00,293.0
604,Santos,Palmeiras,sáb.,21:00,3.75,3.4,1.9,2025-11-15 21:00:00,308.0
605,Bragantino,Atlético-MG,16 de nov.,19:00,2.06,3.2,3.45,2025-11-16 19:00:00,287.0
606,Fortaleza,Vitória,sáb.,16:00,1.9,3.35,4.2,2025-09-13 16:00:00,355.0
607,Grêmio,Mirassol,sáb.,16:00,2.25,3.2,3.25,2025-09-13 16:00:00,315.0
608,Palmeiras,Internacional,sáb.,18:30,1.62,3.65,5.8,2025-09-13 18:30:00,311.0
609,Fluminense,Corinthians,sáb.,21:00,2.05,3.05,4.0,2025-09-13 21:00:00,310.0
610,Bragantino,Sport,dom.,11:00,1.89,3.4,4.2,2025-09-14 11:00:00,255.0
611,Atlético-MG,Santos,dom.,16:00,1.84,3.45,4.25,2025-09-14 16:00:00,306.0
612,Juventude,Flamengo,dom.,16:00,8.0,4.35,1.41,2025-09-14 16:00:00,283.0
613,São Paulo,Botafogo,dom.,17:30,2.18,3.0,3.65,2025-09-14 17:30:00,248.0
614,Vasco,Ceará,dom.,20:30,1.84,3.35,4.5,2025-09-14 20:30:00,290.0
615,Bahia,Cruzeiro,seg.,20:00,2.3,3.05,3.3,2025-09-15 20:00:00,277.0
616,Botafogo,Mirassol,17 de set.,19:30,1.62,3.8,5.5,2025-09-17 19:30:00,283.0
617,Vitória,Fluminense,20 de set.,16:00,2.5,3.05,2.95,2025-09-20 16:00:00,293.0
618,Botafogo,Atlético-MG,20 de set.,18:30,1.61,3.6,6.1,2025-09-20 18:30:00,308.0
619,Ceará,Bahia,20 de set.,18:30,2.75,3.1,2.65,2025-09-20 18:30:00,256.0
620,Palmeiras,Fortaleza,20 de set.,21:00,1.37,4.4,9.5,2025-09-20 21:00:00,267.0
621,Mirassol,Juventude,21 de set.,16:00,1.6,3.75,5.8,2025-09-21 16:00:00,262.0
622,Flamengo,Vasco,21 de set.,17:30,1.52,3.95,6.5,2025-09-21 17:30:00,271.0
623,Internacional,Grêmio,21 de set.,17:30,1.95,3.1,4.35,2025-09-21 17:30:00,259.0
624,Sport,Corinthians,21 de set.,17:30,2.8,3.05,2.65,2025-09-21 17:30:00,251.0
625,Cruzeiro,Bragantino,21 de set.,20:30,1.53,4.0,6.1,2025-09-21 20:30:00,293.0
626,Santos,São Paulo,21 de set.,20:30,2.5,2.95,3.05,2025-09-21 20:30:00,268.0
627,Palmeiras,Juventude,sáb.,19:00,1.22,5.8,14.0,2025-10-11 19:00:00,291.0
628,Palmeiras,Bragantino,15 de out.,19:00,1.38,4.6,8.0,2025-10-15 19:00:00,353.0
629,Botafogo,Flamengo,15 de out.,19:30,3.65,3.25,2.1,2025-10-15 19:30:00,317.0
630,Mirassol,Internacional,15 de out.,20:00,2.12,3.3,3.45,2025-10-15 20:00:00,303.0
631,Sport,Ceará,15 de out.,20:00,2.33,3.15,3.2,2025-10-15 20:00:00,314.0
632,Atlético-MG,Cruzeiro,15 de out.,21:30,2.7,3.05,2.7,2025-10-15 21:30:00,335.0
633,Fortaleza,Vasco,15 de out.,21:30,2.28,3.2,3.2,2025-10-15 21:30:00,299.0
634,Santos,Corinthians,15 de out.,21:30,2.2,3.1,3.55,2025-10-15 21:30:00,284.0
635,Grêmio,São Paulo,16 de out.,19:00,2.48,3.15,2.95,2025-10-16 19:00:00,291.0
636,Fluminense,Juventude,16 de out.,21:30,1.45,4.2,7.5,2025-10-16 21:30:00,363.0
637,Vitória,Bahia,16 de out.,21:30,2.95,3.2,2.45,2025-10-16 21:30:00,309.0
638,Corinthians,Atlético-MG,18 de out.,18:30,2.02,3.2,3.85,2025-10-18 18:30:00,331.0
639,Internacional,Sport,18 de out.,18:30,1.54,4.0,6.0,2025-10-18 18:30:00,310.0
640,Cruzeiro,Fortaleza,18 de out.,21:00,1.55,3.9,6.1,2025-10-18 21:00:00,316.0
641,Ceará,Botafogo,19 de out.,16:00,2.85,3.05,2.6,2025-10-19 16:00:00,320.0
642,Flamengo,Palmeiras,19 de out.,16:00,1.87,3.35,4.25,2025-10-19 16:00:00,324.0
643,Mirassol,São Paulo,19 de out.,16:00,2.3,3.25,3.15,2025-10-19 16:00:00,315.0
644,Bahia,Grêmio,19 de out.,20:30,1.85,3.5,4.2,2025-10-19 20:30:00,303.0
645,Juventude,Bragantino,20 de out.,19:00,2.65,3.1,2.75,2025-10-20 19:00:00,324.0
646,Vasco,Fluminense,20 de out.,19:30,2.65,3.25,2.63,2025-10-20 19:30:00,334.0
647,Santos,Vitória,20 de out.,21:30,1.7,3.65,5.0,2025-10-20 21:30:00,318.0
648,Mirassol,Bragantino,qua.,19:00,1.84,3.6,4.2,2025-10-01 19:00:00,382.0
649,Palmeiras,Vasco,qua.,19:00,1.34,4.8,9.5,2025-10-01 19:00:00,455.0
650,Sport,Fluminense,qua.,19:00,3.1,3.05,2.43,2025-10-01 19:00:00,382.0
651,Internacional,Corinthians,qua.,19:30,2.02,3.3,3.8,2025-10-01 19:30:00,376.0
652,Botafogo,Bahia,qua.,21:30,1.82,3.5,4.4,2025-10-01 21:30:00,372.0
653,Santos,Grêmio,qua.,21:30,2.04,3.3,3.7,2025-10-01 21:30:00,373.0
654,Vitória,Ceará,qui.,19:00,2.33,3.1,3.2,2025-10-02 19:00:00,367.0
655,Fortaleza,São Paulo,qui.,19:30,2.7,3.2,2.63,2025-10-02 19:30:00,355.0
656,Flamengo,Cruzeiro,qui.,20:30,1.58,3.85,5.8,2025-10-02 20:30:00,388.0
657,Bragantino,Grêmio,sáb.,18:30,2.23,3.35,3.2,2025-10-04 18:30:00,271.0
658,Fluminense,Atlético-MG,sáb.,18:30,1.81,3.4,4.6,2025-10-04 18:30:00,327.0
659,Internacional,Botafogo,sáb.,18:30,2.55,3.2,2.75,2025-10-04 18:30:00,287.0
660,Corinthians,Mirassol,sáb.,21:00,2.12,3.25,3.5,2025-10-04 21:00:00,263.0
661,São Paulo,Palmeiras,dom.,16:00,3.0,3.1,2.45,2025-10-05 16:00:00,302.0
662,Vasco,Vitória,dom.,16:00,1.78,3.55,4.5,2025-10-05 16:00:00,288.0
663,Bahia,Flamengo,dom.,18:30,4.3,3.45,1.84,2025-10-05 18:30:00,302.0
664,Juventude,Fortaleza,dom.,18:30,2.6,3.2,2.75,2025-10-05 18:30:00,277.0
665,Ceará,Santos,dom.,20:30,2.25,3.1,3.4,2025-10-05 20:30:00,266.0
666,Cruzeiro,Sport,dom.,20:30,1.32,5.1,9.0,2025-10-05 20:30:00,288.0
667,Atlético-MG,Sport,qua.,19:00,1.6,3.65,6.1,2025-10-08 19:00:00,487.0
668,Mirassol,Fluminense,qua.,21:00,2.38,3.1,3.1,2025-10-08 21:00:00,453.0
669,Palmeiras,Juventude,sáb.,19:00,1.22,5.8,14.0,2025-10-11 19:00:00,291.0
670,Palmeiras,Bragantino,15 de out.,19:00,1.38,4.6,8.0,2025-10-15 19:00:00,353.0
671,Botafogo,Flamengo,15 de out.,19:30,3.65,3.25,2.1,2025-10-15 19:30:00,317.0
672,Mirassol,Internacional,15 de out.,20:00,2.12,3.3,3.45,2025-10-15 20:00:00,303.0
673,Sport,Ceará,15 de out.,20:00,2.33,3.15,3.15,2025-10-15 20:00:00,315.0
674,Atlético-MG,Cruzeiro,15 de out.,21:30,2.7,3.05,2.7,2025-10-15 21:30:00,335.0
675,Fortaleza,Vasco,15 de out.,21:30,2.32,3.1,3.2,2025-10-15 21:30:00,298.0
676,Santos,Corinthians,15 de out.,21:30,2.2,3.1,3.55,2025-10-15 21:30:00,284.0
677,Grêmio,São Paulo,16 de out.,19:00,2.48,3.15,2.95,2025-10-16 19:00:00,291.0
678,Fluminense,Juventude,16 de out.,21:30,1.45,4.2,7.5,2025-10-16 21:30:00,363.0
679,Vitória,Bahia,16 de out.,21:30,2.95,3.2,2.45,2025-10-16 21:30:00,309.0
680,Corinthians,Atlético-MG,18 de out.,18:30,2.02,3.2,3.85,2025-10-18 18:30:00,331.0
681,Internacional,Sport,18 de out.,18:30,1.55,4.0,6.0,2025-10-18 18:30:00,312.0
682,Cruzeiro,Fortaleza,18 de out.,21:00,1.55,3.9,6.1,2025-10-18 21:00:00,316.0
683,Ceará,Botafogo,19 de out.,16:00,2.85,3.05,2.6,2025-10-19 16:00:00,320.0
684,Mirassol,São Paulo,19 de out.,16:00,2.3,3.25,3.15,2025-10-19 16:00:00,315.0
685,Flamengo,Palmeiras,19 de out.,18:30,1.87,3.35,4.25,2025-10-19 18:30:00,324.0
686,Bahia,Grêmio,19 de out.,20:30,1.85,3.5,4.2,2025-10-19 20:30:00,303.0
687,Juventude,Bragantino,20 de out.,19:00,2.65,3.1,2.75,2025-10-20 19:00:00,324.0
688,Vasco,Fluminense,20 de out.,19:30,2.45,3.25,2.85,2025-10-20 19:30:00,334.0
689,Santos,Vitória,20 de out.,21:30,1.7,3.65,5.0,2025-10-20 21:30:00,318.0
690,Vitória,Fluminense,sáb.,16:00,2.7,3.0,2.8,2025-09-20 16:00:00,381.0
691,Botafogo,Atlético-MG,sáb.,18:30,1.62,3.55,6.0,2025-09-20 18:30:00,383.0
692,Ceará,Bahia,sáb.,18:30,2.65,3.05,2.75,2025-09-20 18:30:00,314.0
693,Palmeiras,Fortaleza,sáb.,21:00,1.34,4.7,9.5,2025-09-20 21:00:00,339.0
694,Mirassol,Juventude,dom.,16:00,1.5,4.0,6.75,2025-09-21 16:00:00,330.0
695,Flamengo,Vasco,dom.,17:30,1.36,4.7,8.5,2025-09-21 17:30:00,332.0
696,Internacional,Grêmio,dom.,17:30,1.73,3.4,5.1,2025-09-21 17:30:00,276.0
697,Sport,Corinthians,dom.,17:30,2.85,3.05,2.6,2025-09-21 17:30:00,304.0
698,Cruzeiro,Bragantino,dom.,20:30,1.52,4.0,6.4,2025-09-21 20:30:00,371.0
699,Santos,São Paulo,dom.,20:30,2.5,3.0,3.0,2025-09-21 20:30:00,315.0
700,Grêmio,Botafogo,qua.,19:30,3.1,3.3,2.3,2025-09-24 19:30:00,270.0
701,Vasco,Bahia,qua.,19:30,2.45,3.3,2.85,2025-09-24 19:30:00,284.0
702,Fortaleza,Sport,27 de set.,16:00,1.76,3.5,4.75,2025-09-27 16:00:00,259.0
703,Juventude,Internacional,27 de set.,18:30,3.7,3.25,2.06,2025-09-27 18:30:00,257.0
704,Vasco,Cruzeiro,27 de set.,18:30,2.85,3.25,2.48,2025-09-27 18:30:00,282.0
705,Atlético-MG,Mirassol,27 de set.,21:00,1.97,3.45,3.75,2025-09-27 21:00:00,304.0
706,Grêmio,Vitória,28 de set.,11:00,1.68,3.55,5.4,2025-09-28 11:00:00,272.0
707,Bahia,Palmeiras,28 de set.,16:00,2.7,3.2,2.63,2025-09-28 16:00:00,279.0
708,Fluminense,Botafogo,28 de set.,16:00,2.38,3.15,3.1,2025-09-28 16:00:00,300.0
709,Bragantino,Santos,28 de set.,18:30,2.04,3.4,3.6,2025-09-28 18:30:00,288.0
710,Corinthians,Flamengo,28 de set.,20:30,3.95,3.4,1.95,2025-09-28 20:30:00,277.0
711,São Paulo,Ceará,29 de set.,20:00,1.58,3.75,6.1,2025-09-29 20:00:00,299.0
712,Bragantino,Corinthians,qua.,19:00,2.33,3.2,3.05,2025-11-05 19:00:00,331.0
713,Sport,Juventude,qua.,19:00,1.73,3.65,4.7,2025-11-05 19:00:00,335.0
714,Vitória,Internacional,qua.,19:00,2.5,3.25,2.8,2025-11-05 19:00:00,315.0
715,Botafogo,Vasco,qua.,19:30,1.87,3.6,3.95,2025-11-05 19:30:00,332.0
716,Atlético-MG,Bahia,qua.,20:00,2.16,3.3,3.4,2025-11-05 20:00:00,351.0
717,Grêmio,Cruzeiro,qua.,20:00,3.1,3.25,2.3,2025-11-05 20:00:00,311.0
718,São Paulo,Flamengo,qua.,21:30,4.0,3.3,1.96,2025-11-05 21:30:00,290.0
719,Fluminense,Mirassol,qui.,19:30,1.85,3.35,4.4,2025-11-06 19:30:00,348.0
720,Ceará,Fortaleza,qui.,20:00,2.28,3.2,3.25,2025-11-06 20:00:00,303.0
721,Palmeiras,Santos,qui.,21:30,1.4,4.5,8.0,2025-11-06 21:30:00,344.0
722,Ceará,Juventude,sáb.,16:00,1.57,3.9,5.75,2025-08-30 16:00:00,
723,Botafogo,Bragantino,sáb.,18:30,1.49,4.1,6.5,2025-08-30 18:30:00,
724,Cruzeiro,São Paulo,sáb.,21:00,1.8,3.55,4.4,2025-08-30 21:00:00,
725,Flamengo,Grêmio,dom.,16:00,1.26,5.6,10.5,2025-08-31 16:00:00,
726,Santos,Fluminense,dom.,16:00,2.33,3.3,3.05,2025-08-31 16:00:00,
727,Corinthians,Palmeiras,dom.,18:30,2.95,3.2,2.43,2025-08-31 18:30:00,
728,Mirassol,Bahia,dom.,18:30,2.33,3.4,2.95,2025-08-31 18:30:00,
729,Vitória,Atlético-MG,dom.,18:30,2.75,3.1,2.63,2025-08-31 18:30:00,
730,Internacional,Fortaleza,dom.,20:30,1.6,3.95,5.4,2025-08-31 20:30:00,
731,Sport,Vasco,dom.,20:30,2.4,3.25,2.95,2025-08-31 20:30:00,
732,Palmeiras,Juventude,sáb.,19:00,1.19,6.25,15.0,2025-10-11 19:00:00,404.0
733,Palmeiras,Santos,qua.,19:00,1.38,4.4,8.0,2025-10-15 19:00:00,99.0
734,Botafogo,Flamengo,qua.,19:30,4.1,3.3,1.91,2025-10-15 19:30:00,316.0
735,Mirassol,Internacional,qua.,20:00,2.14,3.35,3.35,2025-10-15 20:00:00,300.0
736,Sport,Ceará,qua.,20:00,2.33,3.15,3.15,2025-10-15 20:00:00,306.0
737,Atlético-MG,Cruzeiro,qua.,21:30,2.75,3.0,2.7,2025-10-15 21:30:00,327.0
738,Fortaleza,Vasco,qua.,21:30,2.28,3.2,3.2,2025-10-15 21:30:00,299.0
739,Santos,Corinthians,qua.,21:30,2.2,3.1,3.55,2025-10-15 21:30:00,284.0
740,Grêmio,São Paulo,qui.,19:00,2.7,3.2,2.7,2025-10-16 19:00:00,291.0
741,Fluminense,Juventude,qui.,21:30,1.41,4.3,8.0,2025-10-16 21:30:00,360.0
742,Vitória,Bahia,qui.,21:30,2.95,3.2,2.45,2025-10-16 21:30:00,309.0
743,Corinthians,Atlético-MG,18 de out.,18:30,2.02,3.2,3.85,2025-10-18 18:30:00,331.0
744,Internacional,Sport,18 de out.,18:30,1.54,4.0,6.0,2025-10-18 18:30:00,310.0
745,Cruzeiro,Fortaleza,18 de out.,21:00,1.55,3.95,6.0,2025-10-18 21:00:00,310.0
746,Ceará,Botafogo,19 de out.,16:00,2.7,3.05,2.75,2025-10-19 16:00:00,319.0
747,Flamengo,Palmeiras,19 de out.,16:00,1.89,3.4,4.2,2025-10-19 16:00:00,328.0
748,Mirassol,São Paulo,19 de out.,16:00,2.6,3.15,2.8,2025-10-19 16:00:00,316.0
749,Bahia,Grêmio,19 de out.,20:30,1.85,3.5,4.2,2025-10-19 20:30:00,303.0
750,Juventude,Santos,20 de out.,19:00,2.63,3.1,2.8,2025-10-20 19:00:00,320.0
751,Vasco,Fluminense,20 de out.,19:30,2.75,3.25,2.55,2025-10-20 19:30:00,334.0
752,Santos,Vitória,20 de out.,21:30,1.7,3.65,5.0,2025-10-20 21:30:00,318.0
753,São Paulo,Palmeiras,dom.,16:00,3.35,3.05,2.28,2025-10-05 16:00:00,435.0
754,Vasco,Vitória,dom.,16:00,1.72,3.7,4.8,2025-10-05 16:00:00,434.0
755,Bahia,Flamengo,dom.,18:30,5.5,3.75,1.63,2025-10-05 18:30:00,426.0
756,Juventude,Fortaleza,dom.,18:30,2.45,3.15,2.95,2025-10-05 18:30:00,403.0
757,Ceará,Santos,dom.,20:30,2.4,3.0,3.2,2025-10-05 20:30:00,394.0
758,Cruzeiro,Sport,dom.,20:30,1.38,4.6,8.0,2025-10-05 20:30:00,393.0
759,Atlético-MG,Sport,qua.,19:00,1.63,3.6,5.75,2025-10-08 19:00:00,351.0
760,Mirassol,Fluminense,qua.,21:00,2.23,3.2,3.25,2025-10-08 21:00:00,323.0
761,Palmeiras,Juventude,11 de out.,19:00,1.16,7.0,17.0,2025-10-11 19:00:00,348.0
762,Palmeiras,Bragantino,15 de out.,19:00,1.41,4.5,7.5,2025-10-15 19:00:00,354.0
763,Botafogo,Flamengo,15 de out.,19:30,3.6,3.3,2.08,2025-10-15 19:30:00,326.0
764,Mirassol,Internacional,15 de out.,20:00,2.12,3.3,3.45,2025-10-15 20:00:00,303.0
765,Sport,Ceará,15 de out.,20:00,2.3,3.15,3.25,2025-10-15 20:00:00,321.0
766,Atlético-MG,Cruzeiro,15 de out.,21:30,2.75,3.05,2.7,2025-10-15 21:30:00,337.0
767,Fortaleza,Vasco,15 de out.,21:30,2.3,3.15,3.2,2025-10-15 21:30:00,308.0
768,Santos,Corinthians,15 de out.,21:30,2.18,3.1,3.5,2025-10-15 21:30:00,298.0
769,Grêmio,São Paulo,16 de out.,19:00,2.35,3.2,3.05,2025-10-16 19:00:00,295.0
770,Fluminense,Juventude,16 de out.,21:30,1.45,4.2,7.5,2025-10-16 21:30:00,358.0
771,Vitória,Bahia,16 de out.,21:30,2.9,3.15,2.48,2025-10-16 21:30:00,336.0
772,Vitória,Fluminense,sáb.,16:00,2.75,3.0,2.7,2025-09-20 16:00:00,381.0
773,Botafogo,Atlético-MG,sáb.,18:30,1.61,3.55,6.1,2025-09-20 18:30:00,401.0
774,Ceará,Bahia,sáb.,18:30,2.75,3.1,2.65,2025-09-20 18:30:00,314.0
775,Palmeiras,Fortaleza,sáb.,21:00,1.36,4.5,9.0,2025-09-20 21:00:00,277.0
776,Mirassol,Juventude,dom.,16:00,1.58,3.75,6.0,2025-09-21 16:00:00,272.0
777,Flamengo,Vasco,dom.,17:30,1.36,4.7,8.5,2025-09-21 17:30:00,273.0
778,Internacional,Grêmio,dom.,17:30,1.73,3.4,5.1,2025-09-21 17:30:00,235.0
779,Sport,Corinthians,dom.,17:30,2.85,2.95,2.7,2025-09-21 17:30:00,239.0
780,Cruzeiro,Bragantino,dom.,20:30,1.52,4.0,6.4,2025-09-21 20:30:00,301.0
781,Santos,São Paulo,dom.,20:30,2.5,3.0,3.0,2025-09-21 20:30:00,272.0
782,Grêmio,Botafogo,24 de set.,19:30,3.1,3.25,2.32,2025-09-24 19:30:00,281.0
783,Vasco,Bahia,24 de set.,19:30,2.45,3.3,2.85,2025-09-24 19:30:00,284.0
784,Fortaleza,Sport,27 de set.,16:00,1.76,3.5,4.75,2025-09-27 16:00:00,259.0
785,Juventude,Internacional,27 de set.,18:30,3.7,3.25,2.06,2025-09-27 18:30:00,257.0
786,Vasco,Cruzeiro,27 de set.,18:30,2.85,3.25,2.48,2025-09-27 18:30:00,282.0
787,Atlético-MG,Mirassol,27 de set.,21:00,1.97,3.45,3.75,2025-09-27 21:00:00,304.0
788,Grêmio,Vitória,28 de set.,11:00,1.68,3.55,5.4,2025-09-28 11:00:00,272.0
789,Bahia,Palmeiras,28 de set.,16:00,2.7,3.2,2.63,2025-09-28 16:00:00,279.0
790,Fluminense,Botafogo,28 de set.,16:00,2.38,3.15,3.05,2025-09-28 16:00:00,309.0
791,Bragantino,Santos,28 de set.,18:30,2.04,3.4,3.6,2025-09-28 18:30:00,288.0
792,Corinthians,Flamengo,28 de set.,20:30,3.95,3.4,1.95,2025-09-28 20:30:00,277.0
793,São Paulo,Ceará,29 de set.,20:00,1.58,3.75,6.1,2025-09-29 20:00:00,299.0
794,Fortaleza,Vitória,13 de set.,16:00,1.9,3.35,4.2,2025-09-13 16:00:00,315.0
795,Grêmio,Mirassol,13 de set.,16:00,2.25,3.2,3.25,2025-09-13 16:00:00,272.0
796,Palmeiras,Internacional,13 de set.,18:30,1.62,3.7,5.75,2025-09-13 18:30:00,291.0
797,Fluminense,Corinthians,13 de set.,21:00,1.98,3.2,4.1,2025-09-13 21:00:00,315.0
798,Bragantino,Sport,14 de set.,11:00,1.88,3.4,4.2,2025-09-14 11:00:00,283.0
799,Atlético-MG,Santos,14 de set.,16:00,1.86,3.45,4.25,2025-09-14 16:00:00,345.0
800,Juventude,Flamengo,14 de set.,16:00,8.0,4.3,1.42,2025-09-14 16:00:00,280.0
801,São Paulo,Botafogo,14 de set.,17:30,2.18,3.0,3.65,2025-09-14 17:30:00,279.0
802,Vasco,Ceará,14 de set.,20:30,1.84,3.35,4.5,2025-09-14 20:30:00,290.0
803,Bahia,Cruzeiro,15 de set.,20:00,2.3,3.1,3.3,2025-09-15 20:00:00,318.0
804,Vitória,Fluminense,20 de set.,16:00,2.55,3.0,2.9,2025-09-20 16:00:00,40.0
805,Botafogo,Atlético-MG,20 de set.,18:30,1.6,3.6,6.0,2025-09-20 18:30:00,40.0
806,Ceará,Bahia,20 de set.,18:30,2.75,3.0,2.7,2025-09-20 18:30:00,40.0
807,Palmeiras,Fortaleza,20 de set.,21:00,1.33,4.5,10.0,2025-09-20 21:00:00,39.0
808,Mirassol,Juventude,21 de set.,16:00,1.58,3.7,5.75,2025-09-21 16:00:00,40.0
809,Flamengo,Vasco,21 de set.,17:30,1.53,4.0,6.0,2025-09-21 17:30:00,40.0
810,Internacional,Grêmio,21 de set.,17:30,1.94,3.1,4.25,2025-09-21 17:30:00,40.0
811,Sport,Corinthians,21 de set.,17:30,2.8,3.0,2.63,2025-09-21 17:30:00,40.0
812,Cruzeiro,Bragantino,21 de set.,20:30,1.54,3.8,6.25,2025-09-21 20:30:00,40.0
813,Santos,São Paulo,21 de set.,20:30,2.48,3.0,3.0,2025-09-21 20:30:00,40.0
814,Fluminense,Ceará,qua.,19:00,1.55,3.8,6.4,2025-10-29 19:00:00,485.0
815,Cruzeiro,Vitória,sáb.,16:00,1.44,4.2,7.5,2025-11-01 16:00:00,305.0
816,Santos,Fortaleza,sáb.,16:00,1.78,3.55,4.5,2025-11-01 16:00:00,303.0
817,Mirassol,Botafogo,sáb.,18:00,2.14,3.25,3.45,2025-11-01 18:00:00,294.0
818,Flamengo,Sport,sáb.,21:00,1.16,7.0,18.0,2025-11-01 21:00:00,298.0
819,Bahia,Bragantino,dom.,16:00,1.71,3.75,4.8,2025-11-02 16:00:00,314.0
820,Ceará,Fluminense,dom.,16:00,2.65,3.05,2.8,2025-11-02 16:00:00,347.0
821,Corinthians,Grêmio,dom.,16:00,1.78,3.25,5.1,2025-11-02 16:00:00,318.0
822,Internacional,Atlético-MG,dom.,18:30,1.98,3.25,4.0,2025-11-02 18:30:00,308.0
823,Juventude,Palmeiras,dom.,18:30,7.0,4.1,1.47,2025-11-02 18:30:00,346.0
824,Vasco,São Paulo,dom.,20:30,2.18,3.2,3.4,2025-11-02 20:30:00,305.0
825,Bragantino,Corinthians,5 de nov.,19:00,2.23,3.2,3.3,2025-11-05 19:00:00,335.0
826,Sport,Juventude,5 de nov.,19:00,1.83,3.45,4.4,2025-11-05 19:00:00,336.0
827,Vitória,Internacional,5 de nov.,19:00,2.48,3.25,2.85,2025-11-05 19:00:00,319.0
828,Botafogo,Vasco,5 de nov.,19:30,1.89,3.6,3.9,2025-11-05 19:30:00,344.0
829,Atlético-MG,Bahia,5 de nov.,20:00,2.16,3.3,3.35,2025-11-05 20:00:00,349.0
830,Grêmio,Cruzeiro,5 de nov.,20:00,3.15,3.2,2.3,2025-11-05 20:00:00,321.0
831,São Paulo,Flamengo,5 de nov.,21:30,4.1,3.2,1.97,2025-11-05 21:30:00,301.0
832,Fluminense,Mirassol,6 de nov.,19:30,1.93,3.25,4.2,2025-11-06 19:30:00,351.0
833,Ceará,Fortaleza,6 de nov.,20:00,2.28,3.15,3.25,2025-11-06 20:00:00,316.0
834,Palmeiras,Santos,6 de nov.,21:30,1.4,4.5,8.0,2025-11-06 21:30:00,348.0
835,Ceará,Juventude,sáb.,16:00,1.56,4.0,5.8,2025-08-30 16:00:00,
836,Botafogo,Bragantino,sáb.,18:30,1.48,4.1,7.0,2025-08-30 18:30:00,
837,Cruzeiro,São Paulo,sáb.,21:00,1.8,3.55,4.4,2025-08-30 21:00:00,
838,Flamengo,Grêmio,dom.,16:00,1.26,5.6,10.5,2025-08-31 16:00:00,
839,Santos,Fluminense,dom.,16:00,2.33,3.3,3.0,2025-08-31 16:00:00,
840,Corinthians,Palmeiras,dom.,18:30,3.0,3.2,2.4,2025-08-31 18:30:00,
841,Mirassol,Bahia,dom.,18:30,2.32,3.4,2.95,2025-08-31 18:30:00,
842,Vitória,Atlético-MG,dom.,18:30,2.75,3.1,2.63,2025-08-31 18:30:00,
843,Internacional,Fortaleza,dom.,20:30,1.6,3.95,5.4,2025-08-31 20:30:00,
844,Sport,Vasco,dom.,20:30,2.43,3.2,2.95,2025-08-31 20:30:00,
845,Fortaleza,Vitória,13 de set.,16:00,2.14,3.1,3.55,2025-09-13 16:00:00,
846,Grêmio,Mirassol,13 de set.,16:00,2.14,3.1,3.55,2025-09-13 16:00:00,
847,Palmeiras,Internacional,13 de set.,18:30,1.58,3.65,6.0,2025-09-13 18:30:00,
848,Fluminense,Corinthians,13 de set.,21:00,2.05,3.25,3.6,2025-09-13 21:00:00,
849,Bragantino,Sport,14 de set.,11:00,1.66,3.5,5.5,2025-09-14 11:00:00,
850,Atlético-MG,Santos,14 de set.,16:00,1.68,3.7,4.7,2025-09-14 16:00:00,
851,Juventude,Flamengo,14 de set.,16:00,6.0,3.9,1.54,2025-09-14 16:00:00,
852,São Paulo,Botafogo,14 de set.,17:30,2.43,3.15,2.88,2025-09-14 17:30:00,
853,Vasco,Ceará,14 de set.,20:30,2.2,3.1,3.4,2025-09-14 20:30:00,
854,Atlético-MG,Ceará,sáb.,16:00,1.92,3.2,4.3,2025-10-25 16:00:00,342.0
855,Vitória,Corinthians,sáb.,16:00,2.8,3.2,2.55,2025-10-25 16:00:00,331.0
856,Fluminense,Internacional,sáb.,17:30,2.0,3.4,3.7,2025-10-25 17:30:00,334.0
857,Sport,Mirassol,sáb.,18:30,2.65,3.25,2.63,2025-10-25 18:30:00,311.0
858,Fortaleza,Flamengo,sáb.,19:30,5.2,3.65,1.67,2025-10-25 19:30:00,296.0
859,São Paulo,Bahia,sáb.,21:30,1.97,3.45,3.8,2025-10-25 21:30:00,325.0
860,Botafogo,Santos,dom.,16:00,1.74,3.7,4.6,2025-10-26 16:00:00,306.0
861,Grêmio,Juventude,dom.,16:00,1.6,3.8,5.6,2025-10-26 16:00:00,343.0
862,Bragantino,Vasco,dom.,18:30,2.28,3.55,2.9,2025-10-26 18:30:00,327.0
863,Palmeiras,Cruzeiro,dom.,20:30,1.63,3.8,5.3,2025-10-26 20:30:00,341.0
864,Fluminense,Ceará,29 de out.,19:00,1.66,3.45,5.8,2025-10-29 19:00:00,343.0
865,Cruzeiro,Vitória,1 de nov.,16:00,1.45,4.1,7.5,2025-11-01 16:00:00,324.0
866,Santos,Fortaleza,1 de nov.,16:00,1.78,3.6,4.5,2025-11-01 16:00:00,308.0
867,Mirassol,Botafogo,1 de nov.,18:00,2.25,3.15,3.3,2025-11-01 18:00:00,307.0
868,Flamengo,Sport,1 de nov.,21:00,1.17,6.5,17.0,2025-11-01 21:00:00,336.0
869,Bahia,Bragantino,2 de nov.,16:00,1.71,3.75,4.8,2025-11-02 16:00:00,332.0
870,Ceará,Fluminense,2 de nov.,16:00,2.7,3.05,2.75,2025-11-02 16:00:00,346.0
871,Corinthians,Grêmio,2 de nov.,16:00,1.84,3.25,4.7,2025-11-02 16:00:00,333.0
872,Internacional,Atlético-MG,2 de nov.,18:30,1.91,3.25,4.3,2025-11-02 18:30:00,320.0
873,Juventude,Palmeiras,2 de nov.,18:30,8.0,4.5,1.4,2025-11-02 18:30:00,359.0
874,Vasco,São Paulo,2 de nov.,20:30,2.15,3.25,3.4,2025-11-02 20:30:00,322.0
875,Corinthians,Ceará,dom.,16:00,1.57,3.65,6.75,2025-11-09 16:00:00,480.0
876,Cruzeiro,Fluminense,dom.,16:00,1.83,3.35,4.6,2025-11-09 16:00:00,439.0
877,Vitória,Botafogo,dom.,16:00,3.25,3.15,2.25,2025-11-09 16:00:00,438.0
878,Flamengo,Santos,dom.,18:30,1.26,5.4,12.0,2025-11-09 18:30:00,456.0
879,Fortaleza,Grêmio,dom.,20:30,2.08,3.3,3.55,2025-11-09 20:30:00,474.0
880,Mirassol,Palmeiras,dom.,20:30,4.0,3.2,1.98,2025-11-09 20:30:00,481.0
881,Fluminense,Ceará,qua.,19:00,1.68,3.5,5.6,2025-10-29 19:00:00,342.0
882,Cruzeiro,Vitória,sáb.,16:00,1.44,4.2,7.5,2025-11-01 16:00:00,317.0
883,Santos,Fortaleza,sáb.,16:00,1.77,3.6,4.5,2025-11-01 16:00:00,303.0
884,Mirassol,Botafogo,sáb.,18:00,2.18,3.2,3.45,2025-11-01 18:00:00,299.0
885,Flamengo,Sport,sáb.,21:00,1.15,7.0,19.0,2025-11-01 21:00:00,319.0
886,Bahia,Bragantino,2 de nov.,16:00,1.71,3.75,4.75,2025-11-02 16:00:00,320.0
887,Ceará,Fluminense,2 de nov.,16:00,2.65,3.05,2.8,2025-11-02 16:00:00,347.0
888,Corinthians,Grêmio,2 de nov.,16:00,1.85,3.2,4.7,2025-11-02 16:00:00,318.0
889,Internacional,Atlético-MG,2 de nov.,18:30,2.0,3.2,4.0,2025-11-02 18:30:00,311.0
890,Juventude,Palmeiras,2 de nov.,18:30,8.0,4.5,1.4,2025-11-02 18:30:00,360.0
891,Vasco,São Paulo,2 de nov.,20:30,2.14,3.25,3.45,2025-11-02 20:30:00,313.0
892,Sport,Atlético-MG,sáb.,16:00,3.95,3.1,2.02,2025-11-08 16:00:00,507.0
893,Vasco,Juventude,sáb.,18:00,1.41,4.35,8.0,2025-11-08 18:00:00,495.0
894,Internacional,Bahia,sáb.,18:30,2.23,3.1,3.4,2025-11-08 18:30:00,429.0
895,São Paulo,Bragantino,sáb.,21:00,1.7,3.4,5.5,2025-11-08 21:00:00,460.0
896,Corinthians,Ceará,dom.,16:00,1.61,3.45,6.5,2025-11-09 16:00:00,471.0
897,Cruzeiro,Fluminense,dom.,16:00,1.85,3.25,4.6,2025-11-09 16:00:00,441.0
898,Vitória,Botafogo,dom.,16:00,3.1,3.15,2.33,2025-11-09 16:00:00,437.0
899,Flamengo,Santos,dom.,18:30,1.25,5.5,12.0,2025-11-09 18:30:00,455.0
900,Fortaleza,Grêmio,dom.,20:30,1.93,3.35,4.1,2025-11-09 20:30:00,468.0
901,Mirassol,Palmeiras,dom.,20:30,4.35,3.25,1.92,2025-11-09 20:30:00,476.0
902,Palmeiras,Bragantino,qua.,19:00,1.32,5.0,9.5,2025-10-15 19:00:00,332.0
903,Botafogo,Flamengo,qua.,19:30,3.55,3.25,2.12,2025-10-15 19:30:00,318.0
904,Mirassol,Internacional,qua.,20:00,2.14,3.35,3.35,2025-10-15 20:00:00,300.0
905,Sport,Ceará,qua.,20:00,2.33,3.15,3.15,2025-10-15 20:00:00,306.0
906,Atlético-MG,Cruzeiro,qua.,21:30,2.75,3.0,2.7,2025-10-15 21:30:00,325.0
907,Fortaleza,Vasco,qua.,21:30,2.2,3.3,3.25,2025-10-15 21:30:00,307.0
908,Santos,Corinthians,qua.,21:30,2.2,3.1,3.55,2025-10-15 21:30:00,284.0
909,Grêmio,São Paulo,qui.,19:00,2.7,3.2,2.7,2025-10-16 19:00:00,291.0
910,Fluminense,Juventude,qui.,21:30,1.41,4.4,8.0,2025-10-16 21:30:00,362.0
911,Vitória,Bahia,qui.,21:30,2.95,3.2,2.45,2025-10-16 21:30:00,309.0
912,Corinthians,Atlético-MG,sáb.,18:30,2.02,3.2,3.9,2025-10-18 18:30:00,327.0
913,Internacional,Sport,sáb.,18:30,1.54,4.0,6.0,2025-10-18 18:30:00,310.0
914,Cruzeiro,Fortaleza,sáb.,21:00,1.55,3.95,6.0,2025-10-18 21:00:00,310.0
915,Ceará,Botafogo,19 de out.,16:00,2.7,3.05,2.75,2025-10-19 16:00:00,319.0
916,Flamengo,Palmeiras,19 de out.,16:00,1.89,3.4,4.2,2025-10-19 16:00:00,328.0
917,Mirassol,São Paulo,19 de out.,16:00,2.43,3.2,2.95,2025-10-19 16:00:00,316.0
918,Bahia,Grêmio,19 de out.,20:30,1.85,3.5,4.2,2025-10-19 20:30:00,303.0
919,Juventude,Bragantino,20 de out.,19:00,2.65,3.1,2.75,2025-10-20 19:00:00,325.0
920,Vasco,Fluminense,20 de out.,19:30,2.75,3.25,2.55,2025-10-20 19:30:00,334.0
921,Santos,Vitória,20 de out.,21:30,1.7,3.65,5.0,2025-10-20 21:30:00,318.0
922,Botafogo,Mirassol,qua.,19:30,1.62,3.8,5.5,2025-09-17 19:30:00,362.0
923,Vitória,Fluminense,sáb.,16:00,2.75,3.05,2.7,2025-09-20 16:00:00,297.0
924,Botafogo,Atlético-MG,sáb.,18:30,1.61,3.55,6.1,2025-09-20 18:30:00,315.0
925,Ceará,Bahia,sáb.,18:30,2.75,3.1,2.63,2025-09-20 18:30:00,258.0
926,Palmeiras,Fortaleza,sáb.,21:00,1.36,4.5,9.0,2025-09-20 21:00:00,277.0
927,Mirassol,Juventude,dom.,16:00,1.6,3.7,6.0,2025-09-21 16:00:00,272.0
928,Flamengo,Vasco,dom.,17:30,1.38,4.5,8.0,2025-09-21 17:30:00,268.0
929,Internacional,Grêmio,dom.,17:30,1.86,3.2,4.7,2025-09-21 17:30:00,246.0
930,Sport,Corinthians,dom.,17:30,2.85,2.95,2.7,2025-09-21 17:30:00,239.0
931,Cruzeiro,Bragantino,dom.,20:30,1.54,3.9,6.4,2025-09-21 20:30:00,300.0
932,Santos,São Paulo,dom.,20:30,2.5,3.0,3.0,2025-09-21 20:30:00,272.0
933,Fortaleza,Vitória,sáb.,16:00,1.9,3.35,4.2,2025-09-13 16:00:00,282.0
934,Grêmio,Mirassol,sáb.,16:00,2.25,3.2,3.25,2025-09-13 16:00:00,272.0
935,Palmeiras,Internacional,sáb.,18:30,1.62,3.7,5.75,2025-09-13 18:30:00,257.0
936,Fluminense,Corinthians,sáb.,21:00,1.98,3.2,4.1,2025-09-13 21:00:00,315.0
937,Bragantino,Sport,dom.,11:00,1.89,3.45,4.1,2025-09-14 11:00:00,253.0
938,Atlético-MG,Santos,dom.,16:00,1.86,3.45,4.2,2025-09-14 16:00:00,305.0
939,Juventude,Flamengo,dom.,16:00,8.0,4.3,1.42,2025-09-14 16:00:00,280.0
940,São Paulo,Botafogo,dom.,17:30,2.18,3.05,3.6,2025-09-14 17:30:00,245.0
941,Vasco,Ceará,dom.,20:30,1.84,3.35,4.5,2025-09-14 20:30:00,290.0
942,Bahia,Cruzeiro,15 de set.,20:00,2.3,3.1,3.25,2025-09-15 20:00:00,314.0
943,Botafogo,Mirassol,17 de set.,19:30,1.62,3.8,5.5,2025-09-17 19:30:00,283.0
944,Vitória,Fluminense,20 de set.,16:00,2.55,3.0,2.9,2025-09-20 16:00:00,40.0
945,Botafogo,Atlético-MG,20 de set.,18:30,1.6,3.6,6.0,2025-09-20 18:30:00,40.0
946,Ceará,Bahia,20 de set.,18:30,2.75,3.0,2.7,2025-09-20 18:30:00,40.0
947,Palmeiras,Fortaleza,20 de set.,21:00,1.33,4.5,10.0,2025-09-20 21:00:00,39.0
948,Mirassol,Juventude,21 de set.,16:00,1.58,3.7,5.75,2025-09-21 16:00:00,40.0
949,Flamengo,Vasco,21 de set.,17:30,1.53,4.0,6.0,2025-09-21 17:30:00,40.0
950,Internacional,Grêmio,21 de set.,17:30,1.94,3.1,4.25,2025-09-21 17:30:00,40.0
951,Sport,Corinthians,21 de set.,17:30,2.8,3.0,2.63,2025-09-21 17:30:00,40.0
952,Cruzeiro,Bragantino,21 de set.,20:30,1.54,3.8,6.25,2025-09-21 20:30:00,40.0
953,Santos,São Paulo,21 de set.,20:30,2.48,3.0,3.0,2025-09-21 20:30:00,40.0
954,Mirassol,Juventude,dom.,16:00,1.5,4.0,6.75,2025-09-21 16:00:00,390.0
955,Flamengo,Vasco,dom.,17:30,1.36,4.7,9.0,2025-09-21 17:30:00,399.0
956,Internacional,Grêmio,dom.,17:30,1.9,3.35,4.1,2025-09-21 17:30:00,353.0
957,Sport,Corinthians,dom.,17:30,2.85,3.05,2.6,2025-09-21 17:30:00,353.0
958,Cruzeiro,Bragantino,dom.,20:30,1.5,4.1,6.75,2025-09-21 20:30:00,448.0
959,Santos,São Paulo,dom.,20:30,2.2,3.1,3.55,2025-09-21 20:30:00,409.0
960,Grêmio,Botafogo,qua.,19:30,3.0,3.35,2.32,2025-09-24 19:30:00,270.0
961,Vasco,Bahia,qua.,19:30,2.38,3.2,3.0,2025-09-24 19:30:00,283.0
962,Fortaleza,Sport,27 de set.,16:00,1.76,3.55,4.7,2025-09-27 16:00:00,260.0
963,Juventude,Internacional,27 de set.,18:30,3.7,3.25,2.06,2025-09-27 18:30:00,257.0
964,Vasco,Cruzeiro,27 de set.,18:30,2.85,3.25,2.48,2025-09-27 18:30:00,282.0
965,Atlético-MG,Mirassol,27 de set.,21:00,1.97,3.4,3.8,2025-09-27 21:00:00,305.0
966,Grêmio,Vitória,28 de set.,11:00,1.68,3.6,5.25,2025-09-28 11:00:00,275.0
967,Bahia,Palmeiras,28 de set.,16:00,2.7,3.2,2.63,2025-09-28 16:00:00,277.0
968,Fluminense,Botafogo,28 de set.,16:00,2.38,3.15,3.1,2025-09-28 16:00:00,300.0
969,Bragantino,Santos,28 de set.,18:30,2.08,3.45,3.4,2025-09-28 18:30:00,294.0
970,Corinthians,Flamengo,28 de set.,20:30,3.9,3.4,1.95,2025-09-28 20:30:00,277.0
971,São Paulo,Ceará,29 de set.,20:00,1.6,3.65,6.25,2025-09-29 20:00:00,296.0
972,Fortaleza,Vitória,13 de set.,16:00,1.9,3.35,4.2,2025-09-13 16:00:00,282.0
973,Grêmio,Mirassol,13 de set.,16:00,2.25,3.2,3.25,2025-09-13 16:00:00,272.0
974,Palmeiras,Internacional,13 de set.,18:30,1.62,3.7,5.75,2025-09-13 18:30:00,257.0
975,Fluminense,Corinthians,13 de set.,21:00,1.98,3.2,4.1,2025-09-13 21:00:00,315.0
976,Bragantino,Sport,14 de set.,11:00,1.89,3.45,4.1,2025-09-14 11:00:00,253.0
977,Atlético-MG,Santos,14 de set.,16:00,1.83,3.55,4.25,2025-09-14 16:00:00,309.0
978,Juventude,Flamengo,14 de set.,16:00,8.0,4.3,1.42,2025-09-14 16:00:00,280.0
979,São Paulo,Botafogo,14 de set.,17:30,2.18,3.05,3.6,2025-09-14 17:30:00,245.0
980,Vasco,Ceará,14 de set.,20:30,1.84,3.35,4.5,2025-09-14 20:30:00,290.0
981,Bahia,Cruzeiro,15 de set.,20:00,2.3,3.1,3.25,2025-09-15 20:00:00,314.0
982,Vitória,Fluminense,20 de set.,16:00,2.55,3.0,2.9,2025-09-20 16:00:00,40.0
983,Botafogo,Atlético-MG,20 de set.,18:30,1.6,3.6,6.0,2025-09-20 18:30:00,40.0
984,Ceará,Bahia,20 de set.,18:30,2.75,3.0,2.7,2025-09-20 18:30:00,40.0
985,Palmeiras,Fortaleza,20 de set.,21:00,1.33,4.5,10.0,2025-09-20 21:00:00,39.0
986,Mirassol,Juventude,21 de set.,16:00,1.58,3.7,5.75,2025-09-21 16:00:00,40.0
987,Flamengo,Vasco,21 de set.,17:30,1.53,4.0,6.0,2025-09-21 17:30:00,40.0
988,Internacional,Grêmio,21 de set.,17:30,1.94,3.1,4.25,2025-09-21 17:30:00,40.0
989,Sport,Corinthians,21 de set.,17:30,2.8,3.0,2.63,2025-09-21 17:30:00,40.0
990,Cruzeiro,Bragantino,21 de set.,20:30,1.54,3.8,6.25,2025-09-21 20:30:00,40.0
991,Santos,São Paulo,21 de set.,20:30,2.48,3.0,3.0,2025-09-21 20:30:00,40.0
992,Fortaleza,Vitória,sáb.,16:00,1.9,3.35,4.2,2025-09-13 16:00:00,282.0
993,Grêmio,Mirassol,sáb.,16:00,2.25,3.2,3.25,2025-09-13 16:00:00,254.0
994,Palmeiras,Internacional,sáb.,18:30,1.62,3.65,5.8,2025-09-13 18:30:00,255.0
995,Fluminense,Corinthians,sáb.,21:00,2.02,3.1,4.0,2025-09-13 21:00:00,310.0
996,Bragantino,Sport,dom.,11:00,1.89,3.4,4.2,2025-09-14 11:00:00,252.0
997,Atlético-MG,Santos,dom.,16:00,1.84,3.5,4.25,2025-09-14 16:00:00,305.0
998,Juventude,Flamengo,dom.,16:00,8.0,4.35,1.41,2025-09-14 16:00:00,280.0
999,São Paulo,Botafogo,dom.,17:30,2.18,3.0,3.65,2025-09-14 17:30:00,245.0
1000,Vasco,Ceará,dom.,20:30,1.84,3.35,4.5,2025-09-14 20:30:00,287.0
1001,Bahia,Cruzeiro,seg.,20:00,2.3,3.1,3.25,2025-09-15 20:00:00,280.0
1002,Botafogo,Mirassol,17 de set.,19:30,1.62,3.8,5.5,2025-09-17 19:30:00,283.0
1003,Vitória,Fluminense,20 de set.,16:00,2.5,3.05,2.95,2025-09-20 16:00:00,293.0
1004,Botafogo,Atlético-MG,20 de set.,18:30,1.61,3.6,6.1,2025-09-20 18:30:00,308.0
1005,Ceará,Bahia,20 de set.,18:30,2.75,3.05,2.7,2025-09-20 18:30:00,263.0
1006,Palmeiras,Fortaleza,20 de set.,21:00,1.34,4.7,10.0,2025-09-20 21:00:00,267.0
1007,Mirassol,Juventude,21 de set.,16:00,1.6,3.75,5.8,2025-09-21 16:00:00,262.0
1008,Flamengo,Vasco,21 de set.,17:30,1.52,3.95,6.5,2025-09-21 17:30:00,271.0
1009,Internacional,Grêmio,21 de set.,17:30,1.95,3.1,4.35,2025-09-21 17:30:00,259.0
1010,Sport,Corinthians,21 de set.,17:30,2.8,3.05,2.65,2025-09-21 17:30:00,251.0
1011,Cruzeiro,Bragantino,21 de set.,20:30,1.53,4.0,6.1,2025-09-21 20:30:00,293.0
1012,Santos,São Paulo,21 de set.,20:30,2.5,2.95,3.05,2025-09-21 20:30:00,268.0
1013,Palmeiras,Juventude,sáb.,19:00,1.22,5.8,14.0,2025-10-11 19:00:00,358.0
1014,Palmeiras,Bragantino,qua.,19:00,1.38,4.6,8.0,2025-10-15 19:00:00,353.0
1015,Botafogo,Flamengo,qua.,19:30,4.1,3.3,1.91,2025-10-15 19:30:00,316.0
1016,Mirassol,Internacional,qua.,20:00,2.14,3.35,3.35,2025-10-15 20:00:00,300.0
1017,Sport,Ceará,qua.,20:00,2.33,3.15,3.15,2025-10-15 20:00:00,306.0
1018,Atlético-MG,Cruzeiro,qua.,21:30,2.75,3.0,2.75,2025-10-15 21:30:00,330.0
1019,Fortaleza,Vasco,qua.,21:30,2.28,3.2,3.2,2025-10-15 21:30:00,299.0
1020,Santos,Corinthians,qua.,21:30,2.2,3.1,3.55,2025-10-15 21:30:00,284.0
1021,Grêmio,São Paulo,16 de out.,19:00,2.7,3.2,2.7,2025-10-16 19:00:00,291.0
1022,Fluminense,Juventude,16 de out.,21:30,1.45,4.2,7.5,2025-10-16 21:30:00,363.0
1023,Vitória,Bahia,16 de out.,21:30,2.95,3.2,2.45,2025-10-16 21:30:00,309.0
1024,Corinthians,Atlético-MG,18 de out.,18:30,2.02,3.2,3.85,2025-10-18 18:30:00,331.0
1025,Internacional,Sport,18 de out.,18:30,1.54,4.0,6.0,2025-10-18 18:30:00,310.0
1026,Cruzeiro,Fortaleza,18 de out.,21:00,1.55,3.9,6.1,2025-10-18 21:00:00,316.0
1027,Ceará,Botafogo,19 de out.,16:00,2.85,3.05,2.6,2025-10-19 16:00:00,320.0
1028,Flamengo,Palmeiras,19 de out.,16:00,1.87,3.35,4.25,2025-10-19 16:00:00,324.0
1029,Mirassol,São Paulo,19 de out.,16:00,2.28,3.25,3.2,2025-10-19 16:00:00,316.0
1030,Bahia,Grêmio,19 de out.,20:30,1.85,3.5,4.2,2025-10-19 20:30:00,303.0
1031,Juventude,Bragantino,20 de out.,19:00,2.65,3.1,2.75,2025-10-20 19:00:00,324.0
1032,Vasco,Fluminense,20 de out.,19:30,2.75,3.25,2.55,2025-10-20 19:30:00,334.0
1033,Santos,Vitória,20 de out.,21:30,1.7,3.65,5.0,2025-10-20 21:30:00,318.0
1034,Vitória,Fluminense,sáb.,16:00,2.35,3.05,3.2,2025-09-20 16:00:00,426.0
1035,Botafogo,Atlético-MG,sáb.,18:30,1.66,3.5,5.75,2025-09-20 18:30:00,431.0
1036,Ceará,Bahia,sáb.,18:30,2.6,3.1,2.75,2025-09-20 18:30:00,355.0
1037,Palmeiras,Fortaleza,sáb.,21:00,1.4,4.3,9.0,2025-09-20 21:00:00,398.0
1038,Mirassol,Juventude,dom.,16:00,1.49,4.1,6.75,2025-09-21 16:00:00,391.0
1039,Flamengo,Vasco,dom.,17:30,1.35,4.8,8.5,2025-09-21 17:30:00,389.0
1040,Internacional,Grêmio,dom.,17:30,1.84,3.25,4.7,2025-09-21 17:30:00,345.0
1041,Sport,Corinthians,dom.,17:30,2.85,3.05,2.6,2025-09-21 17:30:00,349.0
1042,Cruzeiro,Bragantino,dom.,20:30,1.49,4.1,6.75,2025-09-21 20:30:00,427.0
1043,Santos,São Paulo,dom.,20:30,2.16,3.05,3.6,2025-09-21 20:30:00,397.0
1044,Grêmio,Botafogo,qua.,19:30,3.1,3.25,2.32,2025-09-24 19:30:00,270.0
1045,Vasco,Bahia,qua.,19:30,2.35,3.3,2.95,2025-09-24 19:30:00,284.0
1046,Fortaleza,Sport,27 de set.,16:00,1.75,3.55,4.75,2025-09-27 16:00:00,259.0
1047,Juventude,Internacional,27 de set.,18:30,3.7,3.25,2.06,2025-09-27 18:30:00,257.0
1048,Vasco,Cruzeiro,27 de set.,18:30,2.85,3.25,2.48,2025-09-27 18:30:00,282.0
1049,Atlético-MG,Mirassol,27 de set.,21:00,1.97,3.45,3.75,2025-09-27 21:00:00,304.0
1050,Grêmio,Vitória,28 de set.,11:00,1.68,3.55,5.4,2025-09-28 11:00:00,273.0
1051,Bahia,Palmeiras,28 de set.,16:00,2.7,3.2,2.63,2025-09-28 16:00:00,279.0
1052,Fluminense,Botafogo,28 de set.,16:00,2.38,3.15,3.1,2025-09-28 16:00:00,300.0
1053,Bragantino,Santos,28 de set.,18:30,2.12,3.35,3.4,2025-09-28 18:30:00,288.0
1054,Corinthians,Flamengo,28 de set.,20:30,3.95,3.4,1.95,2025-09-28 20:30:00,277.0
1055,São Paulo,Ceará,29 de set.,20:00,1.6,3.65,6.25,2025-09-29 20:00:00,296.0
1056,Grêmio,Botafogo,qua.,19:30,3.0,3.2,2.4,2025-09-24 19:30:00,250.0
1057,Vasco,Bahia,qua.,19:30,2.23,3.4,3.1,2025-09-24 19:30:00,281.0
1058,Fortaleza,Sport,sáb.,16:00,1.72,3.6,4.9,2025-09-27 16:00:00,258.0
1059,Juventude,Internacional,sáb.,18:30,3.7,3.3,2.06,2025-09-27 18:30:00,243.0
1060,Vasco,Cruzeiro,sáb.,18:30,2.85,3.2,2.48,2025-09-27 18:30:00,274.0
1061,Atlético-MG,Mirassol,sáb.,21:00,2.25,3.25,3.2,2025-09-27 21:00:00,308.0
1062,Grêmio,Vitória,dom.,11:00,1.65,3.6,5.5,2025-09-28 11:00:00,271.0
1063,Bahia,Palmeiras,dom.,16:00,2.7,3.2,2.63,2025-09-28 16:00:00,277.0
1064,Fluminense,Botafogo,dom.,16:00,2.35,3.2,3.05,2025-09-28 16:00:00,300.0
1065,Bragantino,Santos,dom.,18:30,2.15,3.35,3.35,2025-09-28 18:30:00,291.0
1066,Corinthians,Flamengo,dom.,20:30,4.2,3.35,1.89,2025-09-28 20:30:00,269.0
1067,São Paulo,Ceará,29 de set.,20:00,1.57,3.7,6.4,2025-09-29 20:00:00,292.0
1068,Atlético-MG,Juventude,30 de set.,21:30,1.41,4.4,7.5,2025-09-30 21:30:00,325.0
1069,Mirassol,Bragantino,1 de out.,19:00,2.05,3.4,3.55,2025-10-01 19:00:00,284.0
1070,Palmeiras,Vasco,1 de out.,19:00,1.33,4.9,9.5,2025-10-01 19:00:00,317.0
1071,Sport,Fluminense,1 de out.,19:00,2.9,3.05,2.55,2025-10-01 19:00:00,283.0
1072,Internacional,Corinthians,1 de out.,19:30,2.12,3.25,3.55,2025-10-01 19:30:00,266.0
1073,Botafogo,Bahia,1 de out.,21:30,1.94,3.35,4.0,2025-10-01 21:30:00,283.0
1074,Santos,Grêmio,1 de out.,21:30,2.15,3.2,3.5,2025-10-01 21:30:00,277.0
1075,Vitória,Ceará,2 de out.,19:00,2.32,3.15,3.2,2025-10-02 19:00:00,284.0
1076,Fortaleza,São Paulo,2 de out.,19:30,2.65,3.25,2.63,2025-10-02 19:30:00,291.0
1077,Flamengo,Cruzeiro,2 de out.,20:30,1.66,3.7,5.1,2025-10-02 20:30:00,303.0
1078,São Paulo,Ceará,seg.,20:00,1.58,3.7,6.1,2025-09-29 20:00:00,409.0
1079,Atlético-MG,Juventude,ter.,21:30,1.5,4.0,6.5,2025-09-30 21:30:00,299.0
1080,Mirassol,Bragantino,qua.,19:00,1.96,3.4,3.8,2025-10-01 19:00:00,285.0
1081,Palmeiras,Vasco,qua.,19:00,1.34,4.8,9.5,2025-10-01 19:00:00,316.0
1082,Sport,Fluminense,qua.,19:00,2.95,3.1,2.5,2025-10-01 19:00:00,275.0
1083,Internacional,Corinthians,qua.,19:30,2.17,3.25,3.4,2025-10-01 19:30:00,264.0
1084,Botafogo,Bahia,qua.,21:30,1.86,3.4,4.25,2025-10-01 21:30:00,276.0
1085,Santos,Grêmio,qua.,21:30,2.02,3.35,3.7,2025-10-01 21:30:00,266.0
1086,Vitória,Ceará,qui.,19:00,2.32,3.1,3.25,2025-10-02 19:00:00,282.0
1087,Fortaleza,São Paulo,qui.,19:30,2.65,3.3,2.6,2025-10-02 19:30:00,283.0
1088,Flamengo,Cruzeiro,qui.,20:30,1.7,3.6,5.1,2025-10-02 20:30:00,303.0
1089,Corinthians,Atlético-MG,sáb.,18:30,1.98,3.2,4.0,2025-10-18 18:30:00,414.0
1090,Internacional,Sport,sáb.,18:30,1.58,3.9,5.75,2025-10-18 18:30:00,358.0
1091,Cruzeiro,Fortaleza,sáb.,21:00,1.41,4.5,8.0,2025-10-18 21:00:00,349.0
1092,Ceará,Botafogo,dom.,16:00,2.7,3.1,2.75,2025-10-19 16:00:00,313.0
1093,Flamengo,Palmeiras,dom.,16:00,1.96,3.3,4.0,2025-10-19 16:00:00,324.0
1094,Mirassol,São Paulo,dom.,16:00,2.4,3.2,3.0,2025-10-19 16:00:00,309.0
1095,Bahia,Grêmio,dom.,20:30,1.78,3.6,4.5,2025-10-19 20:30:00,302.0
1096,Juventude,Bragantino,seg.,19:00,2.63,3.1,2.75,2025-10-20 19:00:00,318.0
1097,Vasco,Fluminense,seg.,19:30,2.6,3.25,2.7,2025-10-20 19:30:00,333.0
1098,Santos,Vitória,seg.,21:30,1.63,3.75,5.5,2025-10-20 21:30:00,291.0
1099,Fortaleza,Vitória,13 de set.,16:00,1.9,3.35,4.2,2025-09-13 16:00:00,318.0
1100,Grêmio,Mirassol,13 de set.,16:00,2.25,3.2,3.25,2025-09-13 16:00:00,272.0
1101,Palmeiras,Internacional,13 de set.,18:30,1.62,3.7,5.75,2025-09-13 18:30:00,257.0
1102,Fluminense,Corinthians,13 de set.,21:00,1.98,3.2,4.1,2025-09-13 21:00:00,315.0
1103,Bragantino,Sport,14 de set.,11:00,1.89,3.45,4.1,2025-09-14 11:00:00,283.0
1104,Atlético-MG,Santos,14 de set.,16:00,1.85,3.5,4.2,2025-09-14 16:00:00,345.0
1105,Juventude,Flamengo,14 de set.,16:00,8.0,4.3,1.42,2025-09-14 16:00:00,280.0
1106,São Paulo,Botafogo,14 de set.,17:30,2.18,3.0,3.65,2025-09-14 17:30:00,279.0
1107,Vasco,Ceará,14 de set.,20:30,1.84,3.35,4.5,2025-09-14 20:30:00,290.0
1108,Bahia,Cruzeiro,15 de set.,20:00,2.3,3.1,3.25,2025-09-15 20:00:00,314.0
1109,Vitória,Fluminense,20 de set.,16:00,2.55,3.0,2.9,2025-09-20 16:00:00,40.0
1110,Botafogo,Atlético-MG,20 de set.,18:30,1.6,3.6,6.0,2025-09-20 18:30:00,40.0
1111,Ceará,Bahia,20 de set.,18:30,2.75,3.0,2.7,2025-09-20 18:30:00,40.0
1112,Palmeiras,Fortaleza,20 de set.,21:00,1.33,4.5,10.0,2025-09-20 21:00:00,39.0
1113,Mirassol,Juventude,21 de set.,16:00,1.58,3.7,5.75,2025-09-21 16:00:00,40.0
1114,Flamengo,Vasco,21 de set.,17:30,1.53,4.0,6.0,2025-09-21 17:30:00,40.0
1115,Internacional,Grêmio,21 de set.,17:30,1.94,3.1,4.25,2025-09-21 17:30:00,40.0
1116,Sport,Corinthians,21 de set.,17:30,2.8,3.0,2.63,2025-09-21 17:30:00,40.0
1117,Cruzeiro,Bragantino,21 de set.,20:30,1.54,3.8,6.25,2025-09-21 20:30:00,40.0
1118,Santos,São Paulo,21 de set.,20:30,2.48,3.0,3.0,2025-09-21 20:30:00,40.0
1119,Palmeiras,Bragantino,qua.,19:00,1.34,4.9,9.0,2025-10-15 19:00:00,474.0
1120,Botafogo,Flamengo,qua.,19:30,4.1,3.2,1.97,2025-10-15 19:30:00,447.0
1121,Mirassol,Internacional,qua.,20:00,2.08,3.3,3.6,2025-10-15 20:00:00,427.0
1122,Sport,Ceará,qua.,20:00,2.35,3.15,3.1,2025-10-15 20:00:00,435.0
1123,Atlético-MG,Cruzeiro,qua.,21:30,3.0,3.05,2.5,2025-10-15 21:30:00,478.0
1124,Fortaleza,Vasco,qua.,21:30,2.2,3.3,3.3,2025-10-15 21:30:00,434.0
1125,Santos,Corinthians,qua.,21:30,2.23,3.0,3.55,2025-10-15 21:30:00,403.0
1126,Grêmio,São Paulo,qui.,19:00,2.85,3.15,2.55,2025-10-16 19:00:00,375.0
1127,Fluminense,Juventude,qui.,21:30,1.35,4.7,9.0,2025-10-16 21:30:00,453.0
1128,Vitória,Bahia,qui.,21:30,2.9,3.15,2.48,2025-10-16 21:30:00,387.0
1129,Corinthians,Atlético-MG,sáb.,18:30,2.04,3.2,3.85,2025-10-18 18:30:00,319.0
1130,Internacional,Sport,sáb.,18:30,1.56,3.9,6.0,2025-10-18 18:30:00,309.0
1131,Cruzeiro,Fortaleza,sáb.,21:00,1.56,3.85,6.1,2025-10-18 21:00:00,307.0
1132,Ceará,Botafogo,dom.,16:00,2.7,3.05,2.75,2025-10-19 16:00:00,312.0
1133,Flamengo,Palmeiras,dom.,16:00,1.89,3.35,4.25,2025-10-19 16:00:00,328.0
1134,Mirassol,São Paulo,dom.,16:00,2.43,3.2,2.95,2025-10-19 16:00:00,316.0
1135,Bahia,Grêmio,dom.,20:30,1.85,3.5,4.2,2025-10-19 20:30:00,303.0
1136,Juventude,Bragantino,seg.,19:00,2.6,3.15,2.8,2025-10-20 19:00:00,320.0
1137,Vasco,Fluminense,seg.,19:30,2.8,3.2,2.55,2025-10-20 19:30:00,336.0
1138,Santos,Vitória,seg.,21:30,1.7,3.6,5.1,2025-10-20 21:30:00,316.0
1139,Botafogo,Flamengo,qua.,19:30,4.1,3.3,1.91,2025-10-15 19:30:00,316.0
1140,Mirassol,Internacional,qua.,20:00,2.14,3.35,3.35,2025-10-15 20:00:00,300.0
1141,Sport,Ceará,qua.,20:00,2.33,3.15,3.15,2025-10-15 20:00:00,306.0
1142,Atlético-MG,Cruzeiro,qua.,21:30,2.75,3.0,2.7,2025-10-15 21:30:00,327.0
1143,Fortaleza,Vasco,qua.,21:30,2.28,3.2,3.2,2025-10-15 21:30:00,299.0
1144,Santos,Corinthians,qua.,21:30,2.2,3.1,3.55,2025-10-15 21:30:00,284.0
1145,Grêmio,São Paulo,qui.,19:00,2.7,3.2,2.7,2025-10-16 19:00:00,291.0
1146,Fluminense,Juventude,qui.,21:30,1.41,4.4,8.0,2025-10-16 21:30:00,362.0
1147,Vitória,Bahia,qui.,21:30,2.95,3.2,2.45,2025-10-16 21:30:00,309.0
1148,Corinthians,Atlético-MG,18 de out.,18:30,2.02,3.2,3.85,2025-10-18 18:30:00,331.0
1149,Internacional,Sport,18 de out.,18:30,1.54,4.0,6.0,2025-10-18 18:30:00,310.0
1150,Cruzeiro,Fortaleza,18 de out.,21:00,1.55,3.95,6.0,2025-10-18 21:00:00,310.0
1151,Ceará,Botafogo,19 de out.,16:00,2.7,3.05,2.75,2025-10-19 16:00:00,319.0
1152,Flamengo,Palmeiras,19 de out.,16:00,1.89,3.4,4.2,2025-10-19 16:00:00,328.0
1153,Mirassol,São Paulo,19 de out.,16:00,2.43,3.2,2.95,2025-10-19 16:00:00,316.0
1154,Bahia,Grêmio,19 de out.,20:30,1.85,3.5,4.2,2025-10-19 20:30:00,303.0
1155,Juventude,Bragantino,20 de out.,19:00,2.65,3.1,2.75,2025-10-20 19:00:00,325.0
1156,Vasco,Fluminense,20 de out.,19:30,2.75,3.25,2.55,2025-10-20 19:30:00,334.0
1157,Santos,Vitória,20 de out.,21:30,1.7,3.65,5.0,2025-10-20 21:30:00,318.0
1158,Fluminense,Mirassol,qui.,19:30,1.86,3.4,4.4,2025-11-06 19:30:00,467.0
1159,Ceará,Fortaleza,qui.,20:00,2.25,3.15,3.25,2025-11-06 20:00:00,427.0
1160,Palmeiras,Santos,qui.,21:30,1.43,4.25,8.0,2025-11-06 21:30:00,492.0
1161,Sport,Atlético-MG,sáb.,16:00,2.88,3.15,2.5,2025-11-08 16:00:00,364.0
1162,Vasco,Juventude,sáb.,18:00,1.38,4.6,8.0,2025-11-08 18:00:00,357.0
1163,Internacional,Bahia,sáb.,18:30,2.2,3.2,3.4,2025-11-08 18:30:00,320.0
1164,São Paulo,Bragantino,sáb.,21:00,1.73,3.35,5.3,2025-11-08 21:00:00,342.0
1165,Corinthians,Ceará,dom.,16:00,1.66,3.45,5.75,2025-11-09 16:00:00,342.0
1166,Cruzeiro,Fluminense,dom.,16:00,1.9,3.25,4.35,2025-11-09 16:00:00,323.0
1167,Vitória,Botafogo,dom.,16:00,3.05,3.2,2.35,2025-11-09 16:00:00,320.0
1168,Flamengo,Santos,dom.,18:30,1.29,5.1,10.5,2025-11-09 18:30:00,333.0
1169,Fortaleza,Grêmio,dom.,20:30,2.08,3.2,3.7,2025-11-09 20:30:00,334.0
1170,Mirassol,Palmeiras,dom.,20:30,3.55,3.2,2.14,2025-11-09 20:30:00,343.0
1171,Grêmio,Botafogo,qua.,19:30,2.9,3.15,2.48,2025-09-24 19:30:00,350.0
1172,Vasco,Bahia,qua.,19:30,2.25,3.35,3.1,2025-09-24 19:30:00,388.0
1173,Fortaleza,Sport,sáb.,16:00,1.72,3.65,4.8,2025-09-27 16:00:00,263.0
1174,Juventude,Internacional,sáb.,18:30,3.7,3.35,2.02,2025-09-27 18:30:00,244.0
1175,Vasco,Cruzeiro,sáb.,18:30,2.85,3.25,2.48,2025-09-27 18:30:00,277.0
1176,Atlético-MG,Mirassol,sáb.,21:00,2.25,3.25,3.2,2025-09-27 21:00:00,317.0
1177,Grêmio,Vitória,dom.,11:00,1.64,3.65,5.5,2025-09-28 11:00:00,274.0
1178,Bahia,Palmeiras,dom.,16:00,2.8,3.25,2.55,2025-09-28 16:00:00,274.0
1179,Fluminense,Botafogo,dom.,16:00,2.4,3.15,3.0,2025-09-28 16:00:00,303.0
1180,Bragantino,Santos,dom.,18:30,2.15,3.35,3.35,2025-09-28 18:30:00,293.0
1181,Corinthians,Flamengo,dom.,20:30,4.25,3.3,1.9,2025-09-28 20:30:00,271.0
1182,São Paulo,Ceará,seg.,20:00,1.57,3.7,6.4,2025-09-29 20:00:00,294.0
1183,Atlético-MG,Juventude,30 de set.,21:30,1.41,4.4,7.5,2025-09-30 21:30:00,325.0
1184,Mirassol,Bragantino,1 de out.,19:00,2.05,3.4,3.55,2025-10-01 19:00:00,284.0
1185,Palmeiras,Vasco,1 de out.,19:00,1.33,4.9,9.5,2025-10-01 19:00:00,317.0
1186,Sport,Fluminense,1 de out.,19:00,2.9,3.1,2.55,2025-10-01 19:00:00,283.0
1187,Internacional,Corinthians,1 de out.,19:30,2.12,3.25,3.55,2025-10-01 19:30:00,266.0
1188,Botafogo,Bahia,1 de out.,21:30,1.94,3.35,4.0,2025-10-01 21:30:00,281.0
1189,Santos,Grêmio,1 de out.,21:30,2.15,3.2,3.5,2025-10-01 21:30:00,277.0
1190,Vitória,Ceará,2 de out.,19:00,2.32,3.15,3.2,2025-10-02 19:00:00,284.0
1191,Fortaleza,São Paulo,2 de out.,19:30,2.65,3.25,2.63,2025-10-02 19:30:00,291.0
1192,Flamengo,Cruzeiro,2 de out.,20:30,1.66,3.7,5.1,2025-10-02 20:30:00,303.0
